Emp_ID,Emp_Name,Gender,Department,Designation,DOJ,Salary,Location
1001,Employee_1001,M,Operations,Analyst,2017-11-28,46322,Chennai
1002,Employee_1002,F,HR,Senior Analyst,2024-05-26,36968,Bangalore
1003,Employee_1003,M,Sales,Analyst,2022-09-20,57518,Pune
1004,Employee_1004,M,HR,Lead,2021-11-29,81925,Delhi
1005,Employee_1005,M,Operations,Analyst,2019-08-17,89848,Mumbai
1006,Employee_1006,F,Marketing,Manager,2017-04-15,31700,Mumbai
1007,Employee_1007,M,Operations,Executive,2017-07-21,53199,Bangalore
1008,Employee_1008,M,Marketing,Executive,2023-11-03,74589,Delhi
1009,Employee_1009,M,IT,Lead,2022-01-17,62115,Delhi
1010,Employee_1010,F,Operations,Manager,2022-02-10,91934,Bangalore
1011,Employee_1011,M,IT,Senior Analyst,2022-06-20,84316,Delhi
1012,Employee_1012,M,Sales,Manager,2020-07-13,35520,Pune
1013,Employee_1013,M,HR,Executive,2019-06-29,66455,Bangalore
1014,Employee_1014,M,Marketing,Executive,2017-07-29,116465,Pune
1015,Employee_1015,F,HR,Manager,2018-07-17,71605,Delhi
1016,Employee_1016,M,IT,Manager,2024-07-23,44955,Bangalore
1017,Employee_1017,F,Marketing,Executive,2021-04-13,74049,Delhi
1018,Employee_1018,F,HR,Senior Analyst,2019-02-10,43917,Bangalore
1019,Employee_1019,F,Operations,Lead,2023-11-07,100293,Delhi
1020,Employee_1020,M,Finance,Lead,2024-06-07,108581,Pune
1021,Employee_1021,F,IT,Manager,2018-09-21,94925,Pune
1022,Employee_1022,M,HR,Lead,2021-06-17,100269,Delhi
1023,Employee_1023,F,IT,Executive,2021-08-29,60954,Bangalore
1024,Employee_1024,F,IT,Executive,2018-01-22,102617,Mumbai
1025,Employee_1025,F,Marketing,Manager,2022-04-20,71458,Pune
1026,Employee_1026,F,Marketing,Manager,2023-06-02,119037,Pune
1027,Employee_1027,F,Finance,Manager,2023-04-25,51113,Mumbai
1028,Employee_1028,F,Operations,Senior Analyst,2020-01-10,73939,Delhi
1029,Employee_1029,F,IT,Lead,2017-09-25,59345,Bangalore
1030,Employee_1030,F,HR,Manager,2023-10-03,76313,Delhi
1031,Employee_1031,M,Sales,Analyst,2023-04-02,99166,Chennai
1032,Employee_1032,M,IT,Analyst,2022-01-31,77861,Pune
1033,Employee_1033,F,IT,Executive,2022-06-22,79298,Chennai
1034,Employee_1034,F,Finance,Lead,2020-10-12,77221,Pune
1035,Employee_1035,F,Operations,Manager,2020-05-21,74942,Pune
1036,Employee_1036,M,Sales,Analyst,2018-07-28,33453,Chennai
1037,Employee_1037,F,Marketing,Lead,2017-02-18,84935,Chennai
1038,Employee_1038,M,Marketing,Executive,2020-02-25,73370,Delhi
1039,Employee_1039,M,HR,Senior Analyst,2017-08-11,38328,Chennai
1040,Employee_1040,M,Sales,Lead,2020-12-02,45534,Delhi
1041,Employee_1041,M,Marketing,Lead,2021-03-09,115280,Delhi
1042,Employee_1042,M,HR,Senior Analyst,2021-12-25,114925,Delhi
1043,Employee_1043,F,Operations,Lead,2023-05-14,66320,Pune
1044,Employee_1044,F,HR,Executive,2021-01-01,79170,Pune
1045,Employee_1045,F,Marketing,Executive,2020-02-05,110201,Chennai
1046,Employee_1046,F,Finance,Senior Analyst,2021-08-09,38640,Pune
1047,Employee_1047,F,Finance,Manager,2023-10-04,60049,Chennai
1048,Employee_1048,M,Finance,Analyst,2024-04-12,35618,Pune
1049,Employee_1049,F,Marketing,Manager,2018-01-10,86053,Bangalore
1050,Employee_1050,F,Finance,Lead,2022-10-22,31920,Bangalore
1051,Employee_1051,M,Sales,Analyst,2022-07-15,73937,Chennai
1052,Employee_1052,F,Operations,Senior Analyst,2019-11-20,99724,Pune
1053,Employee_1053,M,HR,Senior Analyst,2022-03-05,42207,Pune
1054,Employee_1054,F,HR,Analyst,2021-12-29,95774,Delhi
1055,Employee_1055,M,Marketing,Executive,2021-01-14,62972,Mumbai
1056,Employee_1056,F,Finance,Analyst,2023-02-21,40799,Chennai
1057,Employee_1057,F,Finance,Lead,2020-03-25,101088,Mumbai
1058,Employee_1058,M,IT,Executive,2024-12-04,58916,Mumbai
1059,Employee_1059,M,Operations,Senior Analyst,2019-12-01,100463,Chennai
1060,Employee_1060,M,Sales,Analyst,2022-09-02,106700,Pune
1061,Employee_1061,M,HR,Manager,2017-12-26,67158,Chennai
1062,Employee_1062,M,IT,Manager,2024-02-21,114607,Mumbai
1063,Employee_1063,M,IT,Lead,2024-06-12,101696,Pune
1064,Employee_1064,M,Marketing,Manager,2022-08-04,91510,Bangalore
1065,Employee_1065,M,HR,Analyst,2020-02-16,88692,Chennai
1066,Employee_1066,F,Marketing,Analyst,2021-06-24,91744,Chennai
1067,Employee_1067,F,Sales,Manager,2020-11-04,45810,Pune
1068,Employee_1068,M,IT,Analyst,2022-04-28,35126,Bangalore
1069,Employee_1069,F,IT,Lead,2018-11-10,60009,Bangalore
1070,Employee_1070,F,Operations,Executive,2023-10-24,30192,Pune
1071,Employee_1071,F,Sales,Lead,2017-01-07,66413,Delhi
1072,Employee_1072,F,IT,Lead,2023-10-05,42816,Chennai
1073,Employee_1073,M,Sales,Analyst,2021-05-11,69082,Chennai
1074,Employee_1074,F,HR,Executive,2019-04-13,95048,Mumbai
1075,Employee_1075,M,Finance,Analyst,2024-02-20,80940,Pune
1076,Employee_1076,F,IT,Senior Analyst,2021-12-16,62130,Mumbai
1077,Employee_1077,F,Operations,Analyst,2019-07-03,70142,Mumbai
1078,Employee_1078,F,HR,Analyst,2022-07-05,66468,Bangalore
1079,Employee_1079,M,Sales,Analyst,2020-12-13,60698,Chennai
1080,Employee_1080,F,Marketing,Executive,2020-12-21,40655,Mumbai
1081,Employee_1081,M,HR,Analyst,2021-02-11,77897,Bangalore
1082,Employee_1082,F,IT,Executive,2017-05-06,60075,Pune
1083,Employee_1083,M,Sales,Manager,2023-09-09,39359,Mumbai
1084,Employee_1084,F,Finance,Senior Analyst,2019-03-28,72056,Chennai
1085,Employee_1085,M,HR,Executive,2022-01-04,81831,Mumbai
1086,Employee_1086,M,IT,Manager,2018-07-30,89191,Pune
1087,Employee_1087,F,Operations,Executive,2023-07-01,63272,Mumbai
1088,Employee_1088,M,Marketing,Executive,2020-11-16,44671,Chennai
1089,Employee_1089,F,Sales,Senior Analyst,2019-07-19,57048,Bangalore
1090,Employee_1090,F,HR,Lead,2021-01-03,106274,Chennai
1091,Employee_1091,F,HR,Lead,2019-04-13,55963,Bangalore
1092,Employee_1092,F,Finance,Executive,2019-11-21,73954,Delhi
1093,Employee_1093,F,Finance,Analyst,2021-07-07,102309,Chennai
1094,Employee_1094,F,Operations,Manager,2022-03-16,30717,Chennai
1095,Employee_1095,F,Marketing,Analyst,2020-12-28,41676,Pune
1096,Employee_1096,F,Operations,Analyst,2024-11-24,34434,Mumbai
1097,Employee_1097,F,IT,Executive,2020-10-31,79810,Bangalore
1098,Employee_1098,F,IT,Executive,2018-03-19,34994,Bangalore
1099,Employee_1099,F,Operations,Executive,2022-10-24,34234,Pune
1100,Employee_1100,M,Marketing,Executive,2018-07-11,99300,Pune
1101,Employee_1101,M,Operations,Lead,2020-03-24,73949,Mumbai
1102,Employee_1102,F,Marketing,Executive,2022-07-31,67405,Mumbai
1103,Employee_1103,F,Marketing,Lead,2017-12-29,64872,Chennai
1104,Employee_1104,F,Sales,Lead,2023-11-01,72215,Delhi
1105,Employee_1105,F,Marketing,Executive,2020-06-11,53185,Mumbai
1106,Employee_1106,F,Finance,Senior Analyst,2022-01-16,73442,Pune
1107,Employee_1107,F,Marketing,Manager,2023-04-29,81759,Mumbai
1108,Employee_1108,F,Marketing,Analyst,2022-01-25,71153,Bangalore
1109,Employee_1109,F,Marketing,Lead,2022-12-13,107535,Delhi
1110,Employee_1110,M,IT,Manager,2019-06-30,32581,Chennai
1111,Employee_1111,F,Finance,Senior Analyst,2017-09-02,81717,Bangalore
1112,Employee_1112,M,Finance,Analyst,2018-06-26,32763,Bangalore
1113,Employee_1113,F,Operations,Analyst,2023-12-08,85480,Delhi
1114,Employee_1114,F,Sales,Lead,2022-12-10,68759,Chennai
1115,Employee_1115,M,Marketing,Executive,2022-12-13,106067,Pune
1116,Employee_1116,F,HR,Senior Analyst,2021-04-22,55307,Chennai
1117,Employee_1117,M,Sales,Lead,2023-01-27,41064,Mumbai
1118,Employee_1118,F,Sales,Senior Analyst,2017-05-04,106848,Bangalore
1119,Employee_1119,F,Finance,Executive,2024-05-17,67548,Mumbai
1120,Employee_1120,M,Sales,Executive,2021-09-28,66945,Pune
1121,Employee_1121,F,Marketing,Lead,2019-02-25,77937,Mumbai
1122,Employee_1122,M,Marketing,Executive,2022-08-06,36476,Chennai
1123,Employee_1123,F,IT,Manager,2023-02-27,81756,Mumbai
1124,Employee_1124,M,Marketing,Analyst,2023-08-14,32382,Pune
1125,Employee_1125,M,Marketing,Lead,2019-03-08,79683,Pune
1126,Employee_1126,F,Finance,Senior Analyst,2017-03-18,117999,Pune
1127,Employee_1127,F,Marketing,Manager,2017-02-28,75276,Chennai
1128,Employee_1128,M,IT,Lead,2023-10-15,63402,Pune
1129,Employee_1129,F,HR,Executive,2024-05-09,56946,Bangalore
1130,Employee_1130,F,Finance,Executive,2021-03-04,109698,Pune
1131,Employee_1131,F,HR,Executive,2022-04-21,103933,Mumbai
1132,Employee_1132,M,Finance,Executive,2022-11-27,52335,Mumbai
1133,Employee_1133,M,Operations,Senior Analyst,2020-07-25,75095,Mumbai
1134,Employee_1134,M,Sales,Manager,2017-03-09,109930,Chennai
1135,Employee_1135,M,Operations,Analyst,2023-06-11,57197,Mumbai
1136,Employee_1136,M,Marketing,Senior Analyst,2022-04-17,52010,Chennai
1137,Employee_1137,M,HR,Senior Analyst,2024-06-14,54123,Chennai
1138,Employee_1138,M,Marketing,Analyst,2017-12-31,117923,Pune
1139,Employee_1139,M,Sales,Analyst,2019-04-01,32890,Bangalore
1140,Employee_1140,M,Finance,Executive,2020-11-03,38026,Pune
1141,Employee_1141,F,Sales,Senior Analyst,2023-07-19,94925,Pune
1142,Employee_1142,M,IT,Lead,2019-08-05,98842,Chennai
1143,Employee_1143,F,Sales,Analyst,2021-04-27,63665,Chennai
1144,Employee_1144,F,IT,Analyst,2020-10-09,39277,Mumbai
1145,Employee_1145,F,Sales,Manager,2020-12-10,72239,Mumbai
1146,Employee_1146,M,IT,Lead,2019-02-01,77664,Pune
1147,Employee_1147,M,HR,Lead,2017-12-07,78008,Delhi
1148,Employee_1148,M,Marketing,Analyst,2018-01-18,44683,Delhi
1149,Employee_1149,M,Marketing,Executive,2019-10-01,30670,Mumbai
1150,Employee_1150,F,Operations,Manager,2021-04-06,119211,Delhi
1151,Employee_1151,M,Marketing,Lead,2017-10-27,47889,Mumbai
1152,Employee_1152,M,Finance,Analyst,2017-05-19,85612,Chennai
1153,Employee_1153,M,Sales,Lead,2017-12-25,74535,Pune
1154,Employee_1154,M,Operations,Manager,2019-04-16,108542,Bangalore
1155,Employee_1155,M,Finance,Manager,2021-03-03,84319,Pune
1156,Employee_1156,F,Finance,Senior Analyst,2021-06-16,51639,Mumbai
1157,Employee_1157,M,IT,Analyst,2022-06-06,94712,Mumbai
1158,Employee_1158,F,Marketing,Manager,2020-07-27,46633,Pune
1159,Employee_1159,M,HR,Senior Analyst,2023-12-06,64660,Mumbai
1160,Employee_1160,F,HR,Senior Analyst,2019-06-28,98975,Delhi
1161,Employee_1161,M,Operations,Lead,2020-02-09,62172,Delhi
1162,Employee_1162,M,HR,Lead,2024-12-23,89197,Mumbai
1163,Employee_1163,F,Sales,Senior Analyst,2022-12-27,88847,Mumbai
1164,Employee_1164,F,HR,Lead,2019-09-23,41577,Delhi
1165,Employee_1165,F,Operations,Manager,2023-10-19,107299,Mumbai
1166,Employee_1166,M,HR,Executive,2024-01-01,50176,Mumbai
1167,Employee_1167,F,Sales,Manager,2023-05-10,74386,Pune
1168,Employee_1168,M,IT,Senior Analyst,2022-11-22,93972,Bangalore
1169,Employee_1169,M,Operations,Senior Analyst,2020-05-22,119791,Delhi
1170,Employee_1170,F,IT,Manager,2021-11-20,71003,Pune
1171,Employee_1171,F,IT,Lead,2024-09-10,49996,Bangalore
1172,Employee_1172,M,IT,Lead,2024-10-05,116598,Mumbai
1173,Employee_1173,M,Finance,Senior Analyst,2017-06-14,65931,Mumbai
1174,Employee_1174,F,Marketing,Analyst,2019-09-26,65710,Pune
1175,Employee_1175,F,Finance,Lead,2024-01-12,64693,Mumbai
1176,Employee_1176,F,Marketing,Manager,2020-07-31,65740,Chennai
1177,Employee_1177,M,IT,Lead,2024-01-09,107241,Pune
1178,Employee_1178,M,Operations,Manager,2018-10-19,106502,Bangalore
1179,Employee_1179,M,Marketing,Senior Analyst,2024-04-14,47374,Pune
1180,Employee_1180,M,Sales,Lead,2023-01-21,106674,Delhi
1181,Employee_1181,M,Sales,Manager,2022-03-25,111471,Pune
1182,Employee_1182,M,HR,Senior Analyst,2022-08-09,75913,Mumbai
1183,Employee_1183,F,Marketing,Analyst,2022-10-13,96025,Mumbai
1184,Employee_1184,M,Operations,Manager,2020-02-15,74516,Chennai
1185,Employee_1185,M,Finance,Analyst,2022-03-05,117796,Chennai
1186,Employee_1186,M,IT,Analyst,2017-09-24,56069,Chennai
1187,Employee_1187,F,HR,Executive,2022-01-20,86233,Bangalore
1188,Employee_1188,M,Sales,Lead,2021-09-05,114811,Chennai
1189,Employee_1189,M,Finance,Manager,2023-04-13,89049,Bangalore
1190,Employee_1190,F,Finance,Analyst,2023-09-09,69178,Chennai
1191,Employee_1191,M,IT,Executive,2021-02-19,62821,Bangalore
1192,Employee_1192,M,Marketing,Senior Analyst,2018-04-21,81727,Pune
1193,Employee_1193,M,Sales,Manager,2019-09-04,90935,Pune
1194,Employee_1194,M,Operations,Analyst,2020-04-22,46999,Mumbai
1195,Employee_1195,M,Finance,Lead,2019-11-10,92522,Bangalore
1196,Employee_1196,F,IT,Executive,2022-05-15,68712,Delhi
1197,Employee_1197,F,Operations,Analyst,2018-07-12,94551,Mumbai
1198,Employee_1198,F,Marketing,Lead,2019-10-15,70172,Pune
1199,Employee_1199,M,Sales,Analyst,2021-05-25,63722,Bangalore
1200,Employee_1200,M,Marketing,Manager,2019-06-02,40625,Chennai
1201,Employee_1201,M,Finance,Manager,2023-01-04,97165,Delhi
1202,Employee_1202,F,Operations,Manager,2018-10-28,106509,Pune
1203,Employee_1203,M,Operations,Executive,2024-04-21,36859,Mumbai
1204,Employee_1204,M,Operations,Manager,2021-11-07,71609,Bangalore
1205,Employee_1205,F,Finance,Lead,2024-11-07,73307,Delhi
1206,Employee_1206,M,Finance,Analyst,2019-05-14,51839,Bangalore
1207,Employee_1207,F,Marketing,Senior Analyst,2018-08-05,57216,Chennai
1208,Employee_1208,F,HR,Lead,2018-11-26,82953,Mumbai
1209,Employee_1209,F,Marketing,Lead,2020-06-05,114481,Bangalore
1210,Employee_1210,M,Sales,Manager,2021-05-30,90593,Pune
1211,Employee_1211,M,IT,Executive,2020-05-24,102075,Mumbai
1212,Employee_1212,M,Operations,Analyst,2023-09-21,79522,Pune
1213,Employee_1213,M,HR,Executive,2018-02-03,34886,Bangalore
1214,Employee_1214,M,IT,Analyst,2022-05-01,37485,Mumbai
1215,Employee_1215,M,HR,Analyst,2018-12-16,61455,Pune
1216,Employee_1216,M,Marketing,Executive,2018-12-05,46767,Chennai
1217,Employee_1217,F,Finance,Lead,2024-09-09,58453,Chennai
1218,Employee_1218,M,Operations,Analyst,2023-12-22,106280,Bangalore
1219,Employee_1219,F,Marketing,Executive,2021-09-11,83442,Mumbai
1220,Employee_1220,M,IT,Analyst,2022-05-27,81877,Delhi
1221,Employee_1221,M,IT,Senior Analyst,2017-03-23,42226,Mumbai
1222,Employee_1222,M,IT,Lead,2018-08-27,52588,Chennai
1223,Employee_1223,F,IT,Manager,2022-05-25,108976,Pune
1224,Employee_1224,F,IT,Analyst,2021-09-07,61709,Delhi
1225,Employee_1225,F,HR,Senior Analyst,2022-08-09,77788,Bangalore
1226,Employee_1226,F,Marketing,Manager,2024-09-20,118031,Delhi
1227,Employee_1227,M,Operations,Manager,2019-06-22,67019,Bangalore
1228,Employee_1228,F,Finance,Analyst,2017-12-31,74948,Delhi
1229,Employee_1229,M,Finance,Executive,2017-06-12,95133,Bangalore
1230,Employee_1230,M,Marketing,Analyst,2024-01-03,96458,Bangalore
1231,Employee_1231,F,Marketing,Senior Analyst,2022-02-07,57526,Delhi
1232,Employee_1232,F,Finance,Manager,2017-04-26,103493,Delhi
1233,Employee_1233,F,Finance,Analyst,2023-07-13,82198,Bangalore
1234,Employee_1234,F,HR,Executive,2019-05-31,73395,Chennai
1235,Employee_1235,F,Sales,Analyst,2024-08-16,54031,Delhi
1236,Employee_1236,F,Operations,Lead,2019-04-20,105542,Mumbai
1237,Employee_1237,F,IT,Executive,2023-01-04,67701,Pune
1238,Employee_1238,F,Sales,Senior Analyst,2020-09-08,55939,Bangalore
1239,Employee_1239,M,Marketing,Manager,2023-10-27,79145,Bangalore
1240,Employee_1240,F,Finance,Analyst,2024-11-24,50324,Pune
1241,Employee_1241,F,Sales,Executive,2019-11-03,52867,Chennai
1242,Employee_1242,M,Operations,Lead,2019-08-01,30203,Pune
1243,Employee_1243,F,Marketing,Executive,2021-09-21,46544,Delhi
1244,Employee_1244,M,IT,Lead,2023-05-24,45899,Pune
1245,Employee_1245,M,IT,Senior Analyst,2024-07-30,59063,Bangalore
1246,Employee_1246,F,Operations,Manager,2020-02-12,33748,Pune
1247,Employee_1247,M,Operations,Senior Analyst,2023-12-03,96629,Mumbai
1248,Employee_1248,M,Finance,Analyst,2017-01-22,110764,Delhi
1249,Employee_1249,M,IT,Executive,2021-10-16,50884,Pune
1250,Employee_1250,M,Marketing,Lead,2018-11-14,55183,Bangalore
1251,Employee_1251,F,Sales,Lead,2022-01-08,111570,Delhi
1252,Employee_1252,M,Marketing,Executive,2023-06-26,101246,Bangalore
1253,Employee_1253,F,HR,Executive,2017-05-06,49259,Chennai
1254,Employee_1254,M,HR,Analyst,2017-10-04,65959,Mumbai
1255,Employee_1255,M,Operations,Senior Analyst,2022-06-23,63457,Chennai
1256,Employee_1256,M,Finance,Lead,2020-05-12,115679,Mumbai
1257,Employee_1257,M,HR,Analyst,2023-02-20,32103,Pune
1258,Employee_1258,F,IT,Senior Analyst,2018-11-27,95901,Delhi
1259,Employee_1259,F,Marketing,Analyst,2020-08-02,74535,Pune
1260,Employee_1260,M,Marketing,Lead,2017-02-26,46103,Mumbai
1261,Employee_1261,M,Operations,Executive,2017-01-19,108278,Mumbai
1262,Employee_1262,F,Sales,Executive,2023-05-01,42391,Mumbai
1263,Employee_1263,M,Operations,Senior Analyst,2024-10-12,58901,Bangalore
1264,Employee_1264,M,Sales,Manager,2017-04-23,111159,Delhi
1265,Employee_1265,M,Operations,Senior Analyst,2018-06-26,97914,Pune
1266,Employee_1266,F,Operations,Manager,2024-05-18,80357,Pune
1267,Employee_1267,F,Operations,Analyst,2018-08-02,116908,Chennai
1268,Employee_1268,F,Sales,Analyst,2019-12-25,68437,Mumbai
1269,Employee_1269,M,Sales,Lead,2017-01-25,65503,Mumbai
1270,Employee_1270,M,Operations,Manager,2021-04-22,105403,Mumbai
1271,Employee_1271,F,HR,Lead,2022-08-11,71258,Pune
1272,Employee_1272,F,Finance,Executive,2021-04-22,63724,Chennai
1273,Employee_1273,F,Finance,Manager,2017-05-21,94286,Bangalore
1274,Employee_1274,F,Finance,Senior Analyst,2021-11-03,104842,Delhi
1275,Employee_1275,M,Sales,Executive,2018-10-10,44908,Bangalore
1276,Employee_1276,F,Sales,Executive,2023-02-14,80626,Pune
1277,Employee_1277,M,HR,Senior Analyst,2017-07-20,67228,Mumbai
1278,Employee_1278,F,Finance,Executive,2017-09-14,53386,Delhi
1279,Employee_1279,M,Finance,Manager,2018-07-01,76754,Pune
1280,Employee_1280,F,Operations,Lead,2023-02-20,58302,Pune
1281,Employee_1281,F,Sales,Executive,2024-07-13,90815,Pune
1282,Employee_1282,F,Finance,Manager,2019-03-13,114748,Delhi
1283,Employee_1283,F,Marketing,Analyst,2019-07-31,93344,Delhi
1284,Employee_1284,M,HR,Manager,2018-02-18,65618,Chennai
1285,Employee_1285,F,Marketing,Lead,2022-07-08,106234,Chennai
1286,Employee_1286,M,Marketing,Manager,2020-10-13,91114,Bangalore
1287,Employee_1287,M,HR,Senior Analyst,2020-01-04,100130,Delhi
1288,Employee_1288,M,Marketing,Lead,2019-06-29,55525,Delhi
1289,Employee_1289,M,Finance,Analyst,2017-07-07,109818,Delhi
1290,Employee_1290,F,Sales,Senior Analyst,2022-07-09,44334,Chennai
1291,Employee_1291,M,HR,Manager,2020-08-06,92767,Pune
1292,Employee_1292,M,Operations,Lead,2022-09-24,36644,Mumbai
1293,Employee_1293,M,Marketing,Analyst,2022-11-01,62933,Chennai
1294,Employee_1294,F,HR,Senior Analyst,2020-02-21,73469,Delhi
1295,Employee_1295,F,IT,Analyst,2017-12-24,63687,Chennai
1296,Employee_1296,F,IT,Manager,2021-04-01,82656,Bangalore
1297,Employee_1297,F,Sales,Analyst,2019-12-26,47375,Delhi
1298,Employee_1298,M,Finance,Executive,2021-08-08,95206,Bangalore
1299,Employee_1299,M,Sales,Senior Analyst,2023-08-20,66607,Delhi
1300,Employee_1300,F,Sales,Analyst,2017-06-11,113178,Chennai
1301,Employee_1301,M,Sales,Manager,2023-06-28,53993,Pune
1302,Employee_1302,M,Sales,Manager,2018-03-26,74386,Mumbai
1303,Employee_1303,M,Operations,Analyst,2021-02-06,76287,Bangalore
1304,Employee_1304,F,Operations,Manager,2019-11-03,116724,Chennai
1305,Employee_1305,F,HR,Lead,2023-02-10,106312,Pune
1306,Employee_1306,M,IT,Lead,2022-11-29,105324,Chennai
1307,Employee_1307,F,Sales,Lead,2022-05-05,101196,Bangalore
1308,Employee_1308,F,HR,Executive,2023-12-31,100014,Mumbai
1309,Employee_1309,F,IT,Analyst,2020-08-06,38210,Chennai
1310,Employee_1310,F,Marketing,Executive,2023-06-01,40922,Delhi
1311,Employee_1311,F,Finance,Manager,2020-05-23,66289,Pune
1312,Employee_1312,M,Operations,Executive,2019-09-01,63340,Chennai
1313,Employee_1313,F,Marketing,Manager,2018-09-24,69850,Pune
1314,Employee_1314,M,IT,Manager,2021-05-10,86984,Delhi
1315,Employee_1315,M,Marketing,Senior Analyst,2019-11-17,114178,Mumbai
1316,Employee_1316,F,Finance,Lead,2024-08-12,41094,Mumbai
1317,Employee_1317,M,IT,Manager,2021-05-08,117959,Delhi
1318,Employee_1318,M,Marketing,Senior Analyst,2023-06-27,63418,Pune
1319,Employee_1319,M,Operations,Lead,2021-08-21,35741,Chennai
1320,Employee_1320,F,Operations,Manager,2018-03-13,102374,Delhi
1321,Employee_1321,F,HR,Manager,2024-09-29,98798,Bangalore
1322,Employee_1322,M,Marketing,Executive,2021-04-06,100532,Pune
1323,Employee_1323,F,Sales,Executive,2019-12-13,52164,Mumbai
1324,Employee_1324,F,Marketing,Lead,2020-07-28,65595,Delhi
1325,Employee_1325,F,IT,Manager,2024-08-05,60257,Mumbai
1326,Employee_1326,F,IT,Analyst,2022-09-10,44211,Pune
1327,Employee_1327,M,Marketing,Executive,2023-07-13,35232,Mumbai
1328,Employee_1328,M,Finance,Lead,2017-07-02,97753,Delhi
1329,Employee_1329,F,Operations,Manager,2024-02-05,82691,Pune
1330,Employee_1330,F,IT,Manager,2021-01-09,119765,Bangalore
1331,Employee_1331,M,Operations,Analyst,2021-01-19,109768,Delhi
1332,Employee_1332,M,IT,Lead,2021-05-09,55613,Chennai
1333,Employee_1333,F,HR,Manager,2021-05-07,44026,Delhi
1334,Employee_1334,M,Sales,Executive,2018-10-22,83535,Pune
1335,Employee_1335,F,IT,Analyst,2017-06-09,60908,Delhi
1336,Employee_1336,F,Operations,Lead,2023-09-26,82113,Bangalore
1337,Employee_1337,M,HR,Analyst,2019-10-09,49610,Bangalore
1338,Employee_1338,M,IT,Executive,2017-02-22,76646,Chennai
1339,Employee_1339,F,Finance,Lead,2023-09-22,93185,Mumbai
1340,Employee_1340,F,Sales,Analyst,2024-12-04,102567,Pune
1341,Employee_1341,M,IT,Senior Analyst,2019-11-12,77574,Pune
1342,Employee_1342,F,HR,Executive,2019-11-20,66182,Mumbai
1343,Employee_1343,M,Finance,Executive,2024-07-13,30570,Bangalore
1344,Employee_1344,F,Marketing,Executive,2023-04-27,49288,Bangalore
1345,Employee_1345,M,HR,Senior Analyst,2020-05-13,108824,Delhi
1346,Employee_1346,M,HR,Senior Analyst,2021-02-03,59877,Chennai
1347,Employee_1347,M,Finance,Manager,2024-09-24,114425,Chennai
1348,Employee_1348,F,HR,Analyst,2021-01-29,30917,Chennai
1349,Employee_1349,F,Finance,Manager,2019-11-02,105602,Delhi
1350,Employee_1350,M,IT,Analyst,2022-05-05,94575,Chennai
1351,Employee_1351,F,Finance,Senior Analyst,2019-04-30,102518,Mumbai
1352,Employee_1352,M,Finance,Senior Analyst,2017-12-20,69104,Delhi
1353,Employee_1353,M,Sales,Manager,2020-01-04,48062,Mumbai
1354,Employee_1354,F,Finance,Lead,2024-12-30,46999,Delhi
1355,Employee_1355,F,Finance,Manager,2021-10-06,91845,Chennai
1356,Employee_1356,M,Marketing,Analyst,2021-01-04,39941,Mumbai
1357,Employee_1357,F,IT,Manager,2019-09-18,91169,Mumbai
1358,Employee_1358,F,Sales,Executive,2020-06-18,53470,Mumbai
1359,Employee_1359,M,Marketing,Analyst,2022-02-28,89821,Delhi
1360,Employee_1360,M,Operations,Analyst,2021-12-15,116669,Pune
1361,Employee_1361,F,IT,Lead,2023-05-31,74435,Chennai
1362,Employee_1362,M,IT,Senior Analyst,2023-03-07,34529,Mumbai
1363,Employee_1363,M,Operations,Analyst,2020-01-17,113055,Pune
1364,Employee_1364,F,Finance,Senior Analyst,2019-03-29,42192,Chennai
1365,Employee_1365,M,Marketing,Manager,2021-12-05,104102,Chennai
1366,Employee_1366,M,HR,Executive,2022-05-15,102762,Mumbai
1367,Employee_1367,F,Sales,Lead,2023-09-04,116795,Mumbai
1368,Employee_1368,F,HR,Senior Analyst,2023-07-01,64087,Delhi
1369,Employee_1369,M,Operations,Analyst,2019-06-08,96677,Pune
1370,Employee_1370,M,IT,Senior Analyst,2022-01-30,34627,Pune
1371,Employee_1371,F,IT,Analyst,2020-03-26,86541,Mumbai
1372,Employee_1372,F,Sales,Senior Analyst,2018-10-30,98226,Chennai
1373,Employee_1373,F,IT,Analyst,2018-09-25,33255,Mumbai
1374,Employee_1374,F,IT,Manager,2024-03-09,87433,Chennai
1375,Employee_1375,M,Sales,Analyst,2021-07-01,35213,Chennai
1376,Employee_1376,F,Marketing,Analyst,2017-05-17,49404,Mumbai
1377,Employee_1377,F,Marketing,Executive,2022-05-01,55380,Bangalore
1378,Employee_1378,M,Sales,Analyst,2021-08-25,49173,Pune
1379,Employee_1379,F,Operations,Executive,2018-03-04,83027,Chennai
1380,Employee_1380,M,IT,Lead,2021-01-15,53989,Chennai
1381,Employee_1381,F,IT,Executive,2024-04-13,54519,Bangalore
1382,Employee_1382,F,Operations,Manager,2019-03-30,52439,Delhi
1383,Employee_1383,F,Marketing,Executive,2022-12-29,106949,Bangalore
1384,Employee_1384,M,Finance,Lead,2020-01-12,44995,Bangalore
1385,Employee_1385,M,Finance,Manager,2023-02-03,53559,Chennai
1386,Employee_1386,F,Finance,Senior Analyst,2017-07-17,119049,Pune
1387,Employee_1387,M,Marketing,Senior Analyst,2024-04-25,35021,Bangalore
1388,Employee_1388,M,Marketing,Executive,2022-06-19,51119,Delhi
1389,Employee_1389,M,Operations,Executive,2024-07-01,81539,Mumbai
1390,Employee_1390,M,IT,Lead,2023-09-15,69350,Bangalore
1391,Employee_1391,M,Operations,Lead,2018-04-16,76223,Bangalore
1392,Employee_1392,M,Operations,Analyst,2023-03-16,55517,Delhi
1393,Employee_1393,F,Marketing,Lead,2022-05-03,108653,Pune
1394,Employee_1394,F,Finance,Analyst,2019-07-18,52250,Bangalore
1395,Employee_1395,M,HR,Manager,2022-07-04,114486,Bangalore
1396,Employee_1396,F,IT,Executive,2024-05-03,112895,Pune
1397,Employee_1397,F,Marketing,Manager,2019-06-25,119132,Delhi
1398,Employee_1398,F,Finance,Lead,2023-02-01,96798,Bangalore
1399,Employee_1399,F,HR,Manager,2017-01-23,84199,Pune
1400,Employee_1400,M,HR,Manager,2017-08-23,89546,Bangalore
1401,Employee_1401,F,Marketing,Manager,2020-01-30,118151,Mumbai
1402,Employee_1402,F,Sales,Lead,2019-07-18,33327,Chennai
1403,Employee_1403,M,IT,Manager,2018-06-07,59768,Mumbai
1404,Employee_1404,M,HR,Analyst,2021-12-14,94418,Bangalore
1405,Employee_1405,F,Marketing,Lead,2018-03-07,72788,Delhi
1406,Employee_1406,F,Marketing,Manager,2019-03-04,112384,Chennai
1407,Employee_1407,F,Finance,Lead,2021-06-18,76830,Mumbai
1408,Employee_1408,F,Sales,Senior Analyst,2021-10-03,82446,Pune
1409,Employee_1409,F,IT,Analyst,2018-06-17,45160,Delhi
1410,Employee_1410,F,Operations,Manager,2021-10-13,86583,Mumbai
1411,Employee_1411,M,Finance,Senior Analyst,2021-08-03,63998,Pune
1412,Employee_1412,F,HR,Senior Analyst,2020-08-09,57230,Bangalore
1413,Employee_1413,F,HR,Lead,2024-10-28,39076,Pune
1414,Employee_1414,M,Finance,Senior Analyst,2019-07-02,99341,Mumbai
1415,Employee_1415,M,Marketing,Analyst,2020-01-30,61085,Mumbai
1416,Employee_1416,M,HR,Analyst,2021-03-06,85571,Bangalore
1417,Employee_1417,M,Sales,Executive,2020-08-20,44715,Pune
1418,Employee_1418,F,IT,Analyst,2024-12-28,35750,Pune
1419,Employee_1419,F,Sales,Senior Analyst,2024-02-01,108768,Bangalore
1420,Employee_1420,F,HR,Analyst,2019-10-21,65903,Pune
1421,Employee_1421,F,Operations,Lead,2021-04-26,102489,Bangalore
1422,Employee_1422,F,IT,Executive,2020-10-10,62093,Delhi
1423,Employee_1423,F,IT,Senior Analyst,2021-02-28,117954,Mumbai
1424,Employee_1424,M,Finance,Executive,2021-08-09,64314,Delhi
1425,Employee_1425,F,Finance,Senior Analyst,2022-06-21,78225,Chennai
1426,Employee_1426,M,Operations,Lead,2017-08-15,117985,Chennai
1427,Employee_1427,M,Marketing,Executive,2020-06-13,113014,Chennai
1428,Employee_1428,F,IT,Manager,2019-05-23,65179,Bangalore
1429,Employee_1429,M,Operations,Senior Analyst,2019-06-11,55338,Pune
1430,Employee_1430,F,Finance,Manager,2021-01-18,99681,Delhi
1431,Employee_1431,M,Finance,Executive,2019-11-03,62101,Delhi
1432,Employee_1432,F,IT,Manager,2023-03-08,32775,Delhi
1433,Employee_1433,M,Sales,Manager,2024-08-20,75619,Delhi
1434,Employee_1434,F,HR,Executive,2018-02-01,75838,Chennai
1435,Employee_1435,F,Finance,Lead,2020-01-29,49539,Delhi
1436,Employee_1436,F,Marketing,Manager,2022-09-10,87124,Pune
1437,Employee_1437,F,Marketing,Manager,2018-10-11,95149,Chennai
1438,Employee_1438,F,Finance,Lead,2017-11-25,56616,Delhi
1439,Employee_1439,M,Sales,Manager,2021-01-22,109655,Bangalore
1440,Employee_1440,M,Sales,Manager,2019-08-10,84567,Mumbai
1441,Employee_1441,M,Operations,Manager,2022-06-29,67099,Mumbai
1442,Employee_1442,F,Marketing,Analyst,2022-07-10,105831,Mumbai
1443,Employee_1443,M,Operations,Lead,2024-04-22,91799,Chennai
1444,Employee_1444,F,Marketing,Manager,2022-02-22,55479,Delhi
1445,Employee_1445,F,HR,Lead,2020-04-11,76172,Chennai
1446,Employee_1446,M,HR,Senior Analyst,2021-11-08,85863,Pune
1447,Employee_1447,M,IT,Senior Analyst,2017-06-11,72043,Bangalore
1448,Employee_1448,F,Operations,Manager,2021-10-18,112569,Bangalore
1449,Employee_1449,M,Finance,Lead,2019-02-15,45408,Mumbai
1450,Employee_1450,F,Operations,Lead,2022-01-02,87980,Mumbai
1451,Employee_1451,F,Finance,Lead,2023-05-11,112956,Mumbai
1452,Employee_1452,F,Sales,Analyst,2019-11-18,46351,Delhi
1453,Employee_1453,F,Operations,Senior Analyst,2023-07-02,34131,Pune
1454,Employee_1454,F,Sales,Lead,2019-07-29,74825,Pune
1455,Employee_1455,M,HR,Lead,2018-06-24,41349,Pune
1456,Employee_1456,M,HR,Analyst,2023-12-11,90931,Pune
1457,Employee_1457,F,IT,Analyst,2019-04-02,74254,Mumbai
1458,Employee_1458,F,Operations,Lead,2021-01-01,68225,Bangalore
1459,Employee_1459,M,Sales,Executive,2019-12-25,42453,Mumbai
1460,Employee_1460,M,Finance,Lead,2017-12-22,48814,Pune
1461,Employee_1461,F,HR,Lead,2017-08-23,48263,Mumbai
1462,Employee_1462,M,HR,Analyst,2023-03-25,107694,Pune
1463,Employee_1463,F,Finance,Analyst,2021-03-29,45735,Chennai
1464,Employee_1464,M,Sales,Lead,2022-09-28,45830,Bangalore
1465,Employee_1465,F,Sales,Lead,2017-04-28,77893,Chennai
1466,Employee_1466,M,Operations,Lead,2022-10-03,74673,Delhi
1467,Employee_1467,F,Operations,Analyst,2021-08-01,119462,Mumbai
1468,Employee_1468,M,Marketing,Lead,2024-02-26,75066,Delhi
1469,Employee_1469,M,Marketing,Lead,2019-12-04,33373,Mumbai
1470,Employee_1470,F,IT,Manager,2022-10-02,40335,Chennai
1471,Employee_1471,M,HR,Executive,2018-07-12,53741,Pune
1472,Employee_1472,F,Operations,Senior Analyst,2021-12-21,40692,Pune
1473,Employee_1473,M,Sales,Executive,2022-06-29,77295,Mumbai
1474,Employee_1474,F,Finance,Manager,2024-12-25,75541,Pune
1475,Employee_1475,M,Sales,Senior Analyst,2018-02-02,64057,Chennai
1476,Employee_1476,F,HR,Lead,2018-11-06,96983,Pune
1477,Employee_1477,M,Marketing,Manager,2018-01-22,49583,Chennai
1478,Employee_1478,F,Sales,Lead,2022-11-29,52765,Delhi
1479,Employee_1479,M,IT,Analyst,2024-04-15,89287,Chennai
1480,Employee_1480,F,HR,Manager,2022-08-27,53906,Bangalore
1481,Employee_1481,F,Marketing,Analyst,2019-06-03,115103,Bangalore
1482,Employee_1482,F,Finance,Manager,2018-06-25,109675,Bangalore
1483,Employee_1483,M,Marketing,Manager,2017-06-20,76525,Mumbai
1484,Employee_1484,F,IT,Analyst,2023-09-23,68230,Mumbai
1485,Employee_1485,M,HR,Senior Analyst,2019-01-10,49520,Mumbai
1486,Employee_1486,F,Finance,Executive,2020-11-02,115238,Chennai
1487,Employee_1487,M,IT,Lead,2024-12-15,81934,Mumbai
1488,Employee_1488,F,Marketing,Manager,2023-03-28,55566,Delhi
1489,Employee_1489,M,IT,Lead,2017-04-29,103193,Bangalore
1490,Employee_1490,M,HR,Analyst,2024-10-02,60134,Chennai
1491,Employee_1491,F,Operations,Lead,2023-11-18,40345,Bangalore
1492,Employee_1492,M,IT,Analyst,2022-11-22,71185,Mumbai
1493,Employee_1493,M,IT,Lead,2024-07-08,100744,Chennai
1494,Employee_1494,F,Marketing,Executive,2022-06-19,63455,Pune
1495,Employee_1495,M,Marketing,Executive,2021-09-02,58018,Delhi
1496,Employee_1496,M,Finance,Executive,2021-09-19,84219,Mumbai
1497,Employee_1497,M,Marketing,Executive,2023-02-01,75991,Mumbai
1498,Employee_1498,F,Sales,Executive,2024-08-24,103616,Delhi
1499,Employee_1499,M,HR,Executive,2021-08-25,117438,Delhi
1500,Employee_1500,F,HR,Analyst,2020-12-15,39486,Pune
1501,Employee_1501,M,Operations,Manager,2021-10-26,68862,Mumbai
1502,Employee_1502,M,Operations,Lead,2021-03-05,88870,Mumbai
1503,Employee_1503,M,HR,Executive,2018-10-27,116694,Bangalore
1504,Employee_1504,F,Operations,Analyst,2017-02-02,73856,Chennai
1505,Employee_1505,M,Finance,Analyst,2022-10-04,116055,Chennai
1506,Employee_1506,M,Marketing,Analyst,2024-01-11,61379,Bangalore
1507,Employee_1507,F,HR,Manager,2024-09-04,94729,Chennai
1508,Employee_1508,M,Operations,Lead,2022-08-22,58378,Delhi
1509,Employee_1509,F,HR,Manager,2021-04-01,84353,Chennai
1510,Employee_1510,F,Sales,Senior Analyst,2018-12-21,79996,Chennai
1511,Employee_1511,M,IT,Analyst,2024-02-16,44031,Bangalore
1512,Employee_1512,F,Marketing,Senior Analyst,2023-08-18,110072,Pune
1513,Employee_1513,M,HR,Executive,2018-04-29,95982,Chennai
1514,Employee_1514,F,IT,Executive,2019-08-31,66683,Chennai
1515,Employee_1515,F,Operations,Manager,2024-04-24,47618,Pune
1516,Employee_1516,M,IT,Lead,2017-11-03,36587,Bangalore
1517,Employee_1517,F,Marketing,Senior Analyst,2018-04-02,92790,Pune
1518,Employee_1518,F,HR,Lead,2023-01-17,61480,Bangalore
1519,Employee_1519,F,Sales,Manager,2017-11-27,50527,Delhi
1520,Employee_1520,F,Operations,Executive,2024-09-24,53569,Bangalore
1521,Employee_1521,F,HR,Lead,2017-08-13,41151,Delhi
1522,Employee_1522,M,Marketing,Lead,2024-08-08,101094,Delhi
1523,Employee_1523,F,Operations,Executive,2021-01-19,89174,Bangalore
1524,Employee_1524,M,Finance,Senior Analyst,2019-12-19,74739,Mumbai
1525,Employee_1525,F,IT,Executive,2018-10-06,62954,Bangalore
1526,Employee_1526,M,Marketing,Lead,2018-09-08,65303,Chennai
1527,Employee_1527,M,Finance,Senior Analyst,2017-07-14,64700,Chennai
1528,Employee_1528,F,HR,Senior Analyst,2018-05-04,97568,Mumbai
1529,Employee_1529,F,Sales,Executive,2023-01-14,96788,Delhi
1530,Employee_1530,F,Operations,Lead,2024-04-11,101045,Mumbai
1531,Employee_1531,M,IT,Manager,2020-06-03,67842,Chennai
1532,Employee_1532,F,Operations,Lead,2023-09-26,43900,Mumbai
1533,Employee_1533,M,HR,Analyst,2020-01-08,110059,Bangalore
1534,Employee_1534,M,Operations,Manager,2020-02-22,31881,Mumbai
1535,Employee_1535,M,IT,Senior Analyst,2023-11-24,63037,Delhi
1536,Employee_1536,F,HR,Manager,2020-05-26,31630,Bangalore
1537,Employee_1537,F,Operations,Senior Analyst,2018-05-31,50789,Pune
1538,Employee_1538,M,Sales,Senior Analyst,2021-06-14,118059,Chennai
1539,Employee_1539,M,Marketing,Manager,2020-02-02,113494,Chennai
1540,Employee_1540,F,HR,Senior Analyst,2018-01-28,76151,Mumbai
1541,Employee_1541,M,Marketing,Senior Analyst,2018-09-23,78920,Bangalore
1542,Employee_1542,F,HR,Analyst,2022-01-22,97231,Pune
1543,Employee_1543,M,Sales,Lead,2024-04-09,110357,Bangalore
1544,Employee_1544,F,Marketing,Lead,2019-09-07,33262,Chennai
1545,Employee_1545,M,Finance,Analyst,2018-03-10,96981,Bangalore
1546,Employee_1546,F,IT,Manager,2024-02-01,111972,Pune
1547,Employee_1547,M,Finance,Executive,2017-10-05,105485,Mumbai
1548,Employee_1548,F,Operations,Executive,2017-08-21,84722,Delhi
1549,Employee_1549,F,Sales,Executive,2021-04-02,119499,Bangalore
1550,Employee_1550,M,Finance,Analyst,2021-05-14,80818,Delhi
1551,Employee_1551,M,HR,Analyst,2020-01-19,59932,Chennai
1552,Employee_1552,F,Operations,Senior Analyst,2023-08-07,36901,Mumbai
1553,Employee_1553,M,Operations,Executive,2017-01-26,38597,Mumbai
1554,Employee_1554,F,Finance,Manager,2020-11-18,93909,Bangalore
1555,Employee_1555,M,Finance,Manager,2023-12-30,102391,Mumbai
1556,Employee_1556,F,Sales,Executive,2023-05-04,114214,Bangalore
1557,Employee_1557,F,IT,Executive,2018-04-06,38263,Bangalore
1558,Employee_1558,F,Finance,Executive,2023-11-09,93293,Delhi
1559,Employee_1559,F,Finance,Analyst,2019-12-28,55805,Mumbai
1560,Employee_1560,F,Marketing,Analyst,2019-10-04,41874,Bangalore
1561,Employee_1561,F,HR,Analyst,2024-12-20,116402,Delhi
1562,Employee_1562,M,Marketing,Lead,2022-06-18,44079,Pune
1563,Employee_1563,M,Marketing,Manager,2018-05-06,79850,Delhi
1564,Employee_1564,M,Operations,Manager,2019-12-09,102779,Delhi
1565,Employee_1565,F,IT,Senior Analyst,2024-02-25,39018,Bangalore
1566,Employee_1566,F,HR,Analyst,2017-08-04,79500,Chennai
1567,Employee_1567,F,Sales,Lead,2021-09-20,42100,Chennai
1568,Employee_1568,F,Sales,Lead,2021-05-12,87021,Chennai
1569,Employee_1569,M,Finance,Manager,2024-02-20,49800,Delhi
1570,Employee_1570,M,Finance,Analyst,2017-06-08,93400,Bangalore
1571,Employee_1571,F,Sales,Senior Analyst,2023-12-12,59437,Mumbai
1572,Employee_1572,M,Finance,Analyst,2018-11-17,106537,Delhi
1573,Employee_1573,M,IT,Executive,2024-10-12,76675,Delhi
1574,Employee_1574,F,Marketing,Analyst,2021-11-12,49942,Bangalore
1575,Employee_1575,M,Finance,Executive,2022-08-15,50862,Pune
1576,Employee_1576,F,Operations,Executive,2022-01-18,41669,Delhi
1577,Employee_1577,M,Finance,Senior Analyst,2023-08-06,83772,Pune
1578,Employee_1578,F,HR,Manager,2023-11-12,45916,Pune
1579,Employee_1579,F,IT,Analyst,2023-04-15,40878,Chennai
1580,Employee_1580,F,HR,Executive,2021-05-09,32985,Bangalore
1581,Employee_1581,F,HR,Analyst,2021-08-24,103648,Pune
1582,Employee_1582,M,Operations,Manager,2023-10-06,71235,Bangalore
1583,Employee_1583,F,IT,Manager,2022-05-01,48931,Chennai
1584,Employee_1584,F,IT,Lead,2022-08-25,30336,Bangalore
1585,Employee_1585,F,IT,Manager,2024-08-15,72933,Delhi
1586,Employee_1586,M,IT,Senior Analyst,2020-02-20,114899,Pune
1587,Employee_1587,F,IT,Executive,2023-05-14,75536,Bangalore
1588,Employee_1588,M,Operations,Lead,2021-05-01,99504,Mumbai
1589,Employee_1589,F,Finance,Senior Analyst,2023-11-06,81148,Bangalore
1590,Employee_1590,M,HR,Analyst,2024-03-30,46279,Pune
1591,Employee_1591,M,IT,Executive,2023-10-30,98665,Chennai
1592,Employee_1592,F,Finance,Manager,2023-03-08,101386,Chennai
1593,Employee_1593,M,Finance,Executive,2024-07-24,116124,Pune
1594,Employee_1594,F,HR,Analyst,2023-06-08,107485,Delhi
1595,Employee_1595,F,Operations,Lead,2022-04-17,104055,Delhi
1596,Employee_1596,F,Sales,Lead,2021-10-24,107273,Chennai
1597,Employee_1597,M,Sales,Lead,2022-08-13,96670,Chennai
1598,Employee_1598,M,Finance,Manager,2019-09-17,106474,Pune
1599,Employee_1599,F,Marketing,Senior Analyst,2021-03-22,84028,Delhi
1600,Employee_1600,F,Marketing,Senior Analyst,2020-01-22,101128,Chennai
1601,Employee_1601,M,HR,Executive,2024-01-12,48108,Delhi
1602,Employee_1602,F,Sales,Manager,2018-05-08,82495,Chennai
1603,Employee_1603,F,Finance,Lead,2018-09-12,112806,Bangalore
1604,Employee_1604,F,Operations,Lead,2023-07-07,106533,Mumbai
1605,Employee_1605,M,Sales,Analyst,2023-07-09,86830,Bangalore
1606,Employee_1606,M,Finance,Analyst,2022-09-29,104640,Chennai
1607,Employee_1607,M,Finance,Lead,2021-03-27,82509,Mumbai
1608,Employee_1608,F,IT,Lead,2019-05-13,96406,Mumbai
1609,Employee_1609,F,Operations,Manager,2021-08-19,69519,Chennai
1610,Employee_1610,F,IT,Senior Analyst,2021-05-25,79649,Chennai
1611,Employee_1611,M,HR,Analyst,2023-05-09,64524,Delhi
1612,Employee_1612,F,IT,Senior Analyst,2018-08-03,63885,Chennai
1613,Employee_1613,F,IT,Manager,2022-03-06,74369,Pune
1614,Employee_1614,F,Sales,Lead,2020-06-29,60676,Chennai
1615,Employee_1615,F,Marketing,Senior Analyst,2024-02-21,94093,Pune
1616,Employee_1616,M,Finance,Lead,2024-07-06,77764,Chennai
1617,Employee_1617,M,Operations,Lead,2022-01-30,80799,Delhi
1618,Employee_1618,F,IT,Executive,2023-10-30,109414,Pune
1619,Employee_1619,M,Operations,Senior Analyst,2020-09-17,102307,Bangalore
1620,Employee_1620,M,Marketing,Senior Analyst,2020-03-08,112062,Pune
1621,Employee_1621,F,Marketing,Lead,2017-12-23,61923,Delhi
1622,Employee_1622,F,IT,Manager,2021-06-13,108388,Pune
1623,Employee_1623,M,HR,Executive,2023-05-11,77574,Chennai
1624,Employee_1624,F,IT,Lead,2022-06-30,73391,Chennai
1625,Employee_1625,M,Sales,Analyst,2023-06-17,83664,Delhi
1626,Employee_1626,F,Finance,Analyst,2019-05-20,97384,Mumbai
1627,Employee_1627,M,HR,Executive,2019-06-05,61027,Chennai
1628,Employee_1628,F,IT,Manager,2022-06-25,65464,Bangalore
1629,Employee_1629,M,Operations,Lead,2023-01-11,64485,Delhi
1630,Employee_1630,M,HR,Senior Analyst,2020-11-14,49456,Pune
1631,Employee_1631,M,HR,Executive,2020-07-07,104795,Pune
1632,Employee_1632,F,IT,Manager,2018-09-12,65554,Bangalore
1633,Employee_1633,M,HR,Senior Analyst,2019-06-02,76922,Chennai
1634,Employee_1634,M,Operations,Analyst,2019-03-08,43409,Delhi
1635,Employee_1635,F,Marketing,Analyst,2022-12-13,99327,Bangalore
1636,Employee_1636,F,HR,Senior Analyst,2020-07-20,66639,Chennai
1637,Employee_1637,M,Marketing,Executive,2018-09-11,93627,Delhi
1638,Employee_1638,M,Operations,Analyst,2022-01-09,113424,Pune
1639,Employee_1639,F,IT,Lead,2017-09-02,49692,Delhi
1640,Employee_1640,F,Finance,Senior Analyst,2024-12-05,119037,Mumbai
1641,Employee_1641,F,HR,Senior Analyst,2023-11-03,108840,Delhi
1642,Employee_1642,F,Finance,Analyst,2019-07-19,84200,Mumbai
1643,Employee_1643,F,Operations,Executive,2020-06-24,87415,Delhi
1644,Employee_1644,M,HR,Lead,2018-06-04,48074,Mumbai
1645,Employee_1645,F,Marketing,Executive,2023-08-07,45549,Pune
1646,Employee_1646,M,Sales,Manager,2017-01-08,59963,Chennai
1647,Employee_1647,M,Finance,Manager,2023-12-01,82265,Mumbai
1648,Employee_1648,M,HR,Analyst,2022-07-13,46061,Mumbai
1649,Employee_1649,F,Finance,Analyst,2018-05-10,88226,Pune
1650,Employee_1650,M,HR,Analyst,2021-06-18,58810,Mumbai
1651,Employee_1651,M,IT,Manager,2024-11-20,90006,Bangalore
1652,Employee_1652,F,Marketing,Executive,2019-11-29,52800,Pune
1653,Employee_1653,M,Finance,Executive,2024-03-25,105476,Bangalore
1654,Employee_1654,M,Sales,Analyst,2017-07-06,99460,Pune
1655,Employee_1655,F,Sales,Lead,2024-09-02,87767,Mumbai
1656,Employee_1656,M,Operations,Executive,2022-02-21,58054,Bangalore
1657,Employee_1657,M,HR,Manager,2022-11-11,105319,Mumbai
1658,Employee_1658,M,Finance,Senior Analyst,2017-03-27,75397,Pune
1659,Employee_1659,F,Operations,Senior Analyst,2017-05-17,43233,Mumbai
1660,Employee_1660,F,Finance,Senior Analyst,2023-10-05,55068,Bangalore
1661,Employee_1661,F,HR,Lead,2022-10-23,95727,Bangalore
1662,Employee_1662,M,Sales,Analyst,2021-06-25,100453,Mumbai
1663,Employee_1663,M,IT,Manager,2023-01-28,55832,Delhi
1664,Employee_1664,F,Sales,Lead,2021-10-18,116242,Pune
1665,Employee_1665,M,Operations,Manager,2023-01-27,43682,Pune
1666,Employee_1666,M,Marketing,Manager,2021-11-23,53383,Mumbai
1667,Employee_1667,F,IT,Analyst,2019-05-22,88160,Delhi
1668,Employee_1668,F,Operations,Senior Analyst,2023-06-28,53666,Bangalore
1669,Employee_1669,M,HR,Analyst,2023-11-09,88817,Chennai
1670,Employee_1670,M,IT,Lead,2019-08-02,64642,Chennai
1671,Employee_1671,M,Operations,Lead,2021-06-15,71830,Mumbai
1672,Employee_1672,F,HR,Lead,2024-10-08,40234,Delhi
1673,Employee_1673,F,Sales,Analyst,2024-04-14,87616,Delhi
1674,Employee_1674,F,Marketing,Manager,2017-12-15,39221,Pune
1675,Employee_1675,F,HR,Manager,2021-08-04,41410,Bangalore
1676,Employee_1676,M,Finance,Executive,2020-04-11,110055,Delhi
1677,Employee_1677,F,HR,Lead,2017-01-10,91413,Chennai
1678,Employee_1678,F,HR,Manager,2024-08-19,31051,Bangalore
1679,Employee_1679,F,Marketing,Executive,2021-01-01,105301,Bangalore
1680,Employee_1680,F,Finance,Manager,2018-10-29,106918,Mumbai
1681,Employee_1681,F,Operations,Lead,2024-02-07,108116,Delhi
1682,Employee_1682,M,Operations,Senior Analyst,2021-03-03,86563,Mumbai
1683,Employee_1683,M,HR,Lead,2022-12-17,74757,Delhi
1684,Employee_1684,F,Finance,Analyst,2018-08-24,107475,Pune
1685,Employee_1685,M,Finance,Manager,2024-04-06,81257,Mumbai
1686,Employee_1686,F,Marketing,Manager,2017-11-23,30307,Mumbai
1687,Employee_1687,F,Sales,Analyst,2019-09-07,86889,Chennai
1688,Employee_1688,M,Operations,Analyst,2023-09-18,98895,Mumbai
1689,Employee_1689,M,Marketing,Senior Analyst,2018-09-21,65944,Delhi
1690,Employee_1690,F,IT,Manager,2021-06-18,68134,Chennai
1691,Employee_1691,F,Operations,Manager,2024-07-28,57323,Mumbai
1692,Employee_1692,F,Marketing,Senior Analyst,2017-10-01,101762,Mumbai
1693,Employee_1693,M,Operations,Executive,2018-11-16,117225,Pune
1694,Employee_1694,F,Sales,Senior Analyst,2017-04-26,55954,Mumbai
1695,Employee_1695,F,IT,Lead,2019-05-11,85021,Bangalore
1696,Employee_1696,F,Sales,Manager,2022-06-27,119959,Chennai
1697,Employee_1697,M,IT,Analyst,2018-11-24,109866,Bangalore
1698,Employee_1698,F,HR,Lead,2020-01-11,100427,Chennai
1699,Employee_1699,F,Marketing,Manager,2023-06-30,34992,Pune
1700,Employee_1700,M,IT,Senior Analyst,2022-12-02,31961,Mumbai
1701,Employee_1701,F,Sales,Lead,2021-11-28,42497,Mumbai
1702,Employee_1702,F,Operations,Manager,2017-06-03,62551,Mumbai
1703,Employee_1703,M,IT,Executive,2022-03-16,106384,Chennai
1704,Employee_1704,F,Marketing,Executive,2020-11-28,85755,Mumbai
1705,Employee_1705,M,IT,Analyst,2020-07-13,43255,Bangalore
1706,Employee_1706,M,Finance,Manager,2017-11-11,34567,Mumbai
1707,Employee_1707,F,Operations,Executive,2019-12-01,78847,Pune
1708,Employee_1708,F,Marketing,Senior Analyst,2017-04-15,78003,Bangalore
1709,Employee_1709,F,Marketing,Manager,2022-04-09,50389,Mumbai
1710,Employee_1710,F,HR,Senior Analyst,2022-03-29,74523,Mumbai
1711,Employee_1711,M,Sales,Senior Analyst,2020-05-01,91576,Delhi
1712,Employee_1712,F,HR,Executive,2020-11-25,73919,Chennai
1713,Employee_1713,M,Marketing,Manager,2023-07-30,112103,Bangalore
1714,Employee_1714,F,Operations,Lead,2021-11-08,33358,Delhi
1715,Employee_1715,F,IT,Executive,2022-05-15,118535,Pune
1716,Employee_1716,F,IT,Executive,2024-08-12,106524,Chennai
1717,Employee_1717,M,Operations,Manager,2021-05-23,35698,Bangalore
1718,Employee_1718,F,Marketing,Manager,2018-12-10,96809,Mumbai
1719,Employee_1719,F,IT,Senior Analyst,2018-10-13,85805,Bangalore
1720,Employee_1720,F,IT,Manager,2024-11-11,61349,Mumbai
1721,Employee_1721,F,IT,Senior Analyst,2019-08-05,106777,Chennai
1722,Employee_1722,M,Sales,Executive,2018-10-23,80248,Mumbai
1723,Employee_1723,F,Sales,Analyst,2022-11-17,105033,Pune
1724,Employee_1724,M,Finance,Lead,2024-03-20,74041,Mumbai
1725,Employee_1725,M,HR,Executive,2023-05-19,61954,Pune
1726,Employee_1726,M,Operations,Manager,2023-09-17,38002,Chennai
1727,Employee_1727,M,Operations,Lead,2020-02-07,99783,Chennai
1728,Employee_1728,M,Operations,Analyst,2018-12-01,117234,Bangalore
1729,Employee_1729,M,Finance,Analyst,2023-02-25,49738,Pune
1730,Employee_1730,F,Sales,Senior Analyst,2022-08-01,40703,Pune
1731,Employee_1731,M,Marketing,Lead,2023-07-03,79422,Delhi
1732,Employee_1732,M,Marketing,Senior Analyst,2023-01-11,113106,Delhi
1733,Employee_1733,M,Finance,Executive,2018-07-06,91899,Delhi
1734,Employee_1734,F,Marketing,Lead,2018-02-09,42392,Mumbai
1735,Employee_1735,F,Operations,Executive,2018-04-07,74724,Delhi
1736,Employee_1736,M,HR,Senior Analyst,2022-12-20,62299,Pune
1737,Employee_1737,F,IT,Lead,2024-10-09,45641,Mumbai
1738,Employee_1738,M,Sales,Senior Analyst,2019-05-24,109534,Chennai
1739,Employee_1739,M,Sales,Lead,2017-03-25,36305,Bangalore
1740,Employee_1740,F,Finance,Senior Analyst,2020-11-23,48782,Delhi
1741,Employee_1741,M,Sales,Analyst,2024-09-02,108257,Chennai
1742,Employee_1742,F,Operations,Senior Analyst,2024-04-29,107963,Pune
1743,Employee_1743,F,Marketing,Analyst,2017-08-09,50566,Bangalore
1744,Employee_1744,M,Operations,Senior Analyst,2024-02-14,97766,Chennai
1745,Employee_1745,M,Finance,Lead,2020-10-23,36511,Bangalore
1746,Employee_1746,F,Operations,Lead,2017-04-22,56177,Delhi
1747,Employee_1747,M,Marketing,Lead,2018-09-07,34765,Pune
1748,Employee_1748,M,HR,Manager,2021-05-01,50354,Bangalore
1749,Employee_1749,M,Finance,Executive,2018-04-20,53929,Chennai
1750,Employee_1750,F,HR,Lead,2024-11-23,58820,Delhi
1751,Employee_1751,F,IT,Analyst,2022-03-29,59523,Delhi
1752,Employee_1752,M,HR,Lead,2017-09-28,101088,Chennai
1753,Employee_1753,F,IT,Manager,2023-10-05,96163,Chennai
1754,Employee_1754,F,IT,Analyst,2022-04-05,107525,Bangalore
1755,Employee_1755,F,HR,Manager,2024-07-17,43780,Mumbai
1756,Employee_1756,F,Finance,Analyst,2020-10-22,36589,Delhi
1757,Employee_1757,F,Marketing,Senior Analyst,2017-02-09,64812,Bangalore
1758,Employee_1758,M,Operations,Executive,2022-06-06,75939,Chennai
1759,Employee_1759,M,Operations,Executive,2023-02-15,81493,Bangalore
1760,Employee_1760,M,Marketing,Manager,2019-09-21,70953,Chennai
1761,Employee_1761,F,IT,Executive,2022-07-06,95785,Pune
1762,Employee_1762,F,IT,Manager,2024-01-28,49309,Chennai
1763,Employee_1763,M,Finance,Manager,2017-10-17,84195,Chennai
1764,Employee_1764,F,Sales,Manager,2023-10-17,55901,Chennai
1765,Employee_1765,M,HR,Executive,2023-11-24,53576,Mumbai
1766,Employee_1766,M,IT,Manager,2024-04-29,61508,Chennai
1767,Employee_1767,M,Operations,Executive,2017-10-06,104711,Delhi
1768,Employee_1768,F,Finance,Manager,2018-08-04,55464,Delhi
1769,Employee_1769,F,HR,Lead,2019-05-13,90281,Bangalore
1770,Employee_1770,M,Finance,Manager,2017-09-11,46260,Mumbai
1771,Employee_1771,M,HR,Analyst,2017-06-30,65440,Bangalore
1772,Employee_1772,M,HR,Manager,2018-11-12,86683,Delhi
1773,Employee_1773,M,Marketing,Senior Analyst,2019-04-05,71430,Delhi
1774,Employee_1774,F,IT,Manager,2018-12-01,31987,Pune
1775,Employee_1775,F,Finance,Analyst,2024-02-27,55105,Chennai
1776,Employee_1776,M,Finance,Analyst,2020-09-11,108484,Delhi
1777,Employee_1777,M,Marketing,Executive,2020-10-12,43026,Bangalore
1778,Employee_1778,F,Operations,Lead,2021-08-01,98309,Bangalore
1779,Employee_1779,F,Operations,Manager,2024-06-20,75927,Chennai
1780,Employee_1780,M,IT,Executive,2023-09-05,105414,Chennai
1781,Employee_1781,M,IT,Lead,2021-06-27,87535,Pune
1782,Employee_1782,M,Sales,Manager,2022-05-12,72946,Mumbai
1783,Employee_1783,F,Marketing,Senior Analyst,2017-07-31,86561,Bangalore
1784,Employee_1784,F,Operations,Manager,2021-03-19,40377,Chennai
1785,Employee_1785,F,HR,Analyst,2018-01-19,83592,Bangalore
1786,Employee_1786,M,Finance,Analyst,2021-09-11,37347,Chennai
1787,Employee_1787,M,IT,Senior Analyst,2017-12-08,63776,Delhi
1788,Employee_1788,F,Finance,Executive,2022-01-13,33783,Bangalore
1789,Employee_1789,F,Finance,Lead,2022-06-11,85798,Delhi
1790,Employee_1790,M,Sales,Manager,2019-04-24,34298,Bangalore
1791,Employee_1791,F,Operations,Analyst,2021-03-15,100204,Mumbai
1792,Employee_1792,F,IT,Executive,2018-02-24,116207,Pune
1793,Employee_1793,M,Finance,Senior Analyst,2024-08-30,85161,Delhi
1794,Employee_1794,F,IT,Analyst,2022-06-12,90652,Chennai
1795,Employee_1795,M,HR,Senior Analyst,2022-04-17,64484,Mumbai
1796,Employee_1796,M,Sales,Manager,2022-01-24,50922,Bangalore
1797,Employee_1797,M,HR,Lead,2017-11-02,64028,Delhi
1798,Employee_1798,M,IT,Analyst,2024-07-12,50316,Bangalore
1799,Employee_1799,M,IT,Analyst,2019-05-19,106996,Bangalore
1800,Employee_1800,M,Operations,Manager,2024-01-29,46968,Bangalore
1801,Employee_1801,M,Finance,Executive,2020-02-10,60266,Pune
1802,Employee_1802,F,Finance,Lead,2020-12-05,54000,Pune
1803,Employee_1803,M,HR,Analyst,2017-07-25,44011,Chennai
1804,Employee_1804,M,Sales,Lead,2018-05-11,32866,Delhi
1805,Employee_1805,F,Marketing,Analyst,2022-03-25,35898,Mumbai
1806,Employee_1806,F,Finance,Lead,2023-12-27,48395,Mumbai
1807,Employee_1807,F,Operations,Senior Analyst,2019-11-12,69019,Mumbai
1808,Employee_1808,M,HR,Analyst,2017-08-01,34006,Bangalore
1809,Employee_1809,F,HR,Lead,2017-11-06,64393,Pune
1810,Employee_1810,M,Marketing,Executive,2024-06-01,40956,Delhi
1811,Employee_1811,M,Operations,Senior Analyst,2022-06-15,80042,Bangalore
1812,Employee_1812,M,Sales,Senior Analyst,2024-09-01,36078,Pune
1813,Employee_1813,M,Operations,Executive,2017-09-29,59631,Pune
1814,Employee_1814,F,Sales,Lead,2021-12-28,92901,Delhi
1815,Employee_1815,F,Operations,Manager,2022-09-11,99497,Delhi
1816,Employee_1816,M,Operations,Executive,2018-03-19,71574,Delhi
1817,Employee_1817,M,IT,Lead,2023-01-19,61417,Bangalore
1818,Employee_1818,M,HR,Executive,2024-09-15,118020,Chennai
1819,Employee_1819,F,Operations,Executive,2017-09-11,113639,Delhi
1820,Employee_1820,M,Marketing,Analyst,2018-06-05,95006,Chennai
1821,Employee_1821,M,Operations,Lead,2019-09-04,69454,Bangalore
1822,Employee_1822,F,Finance,Manager,2017-01-10,31587,Chennai
1823,Employee_1823,F,HR,Analyst,2024-08-05,84710,Mumbai
1824,Employee_1824,M,Finance,Executive,2023-12-28,116567,Chennai
1825,Employee_1825,F,HR,Executive,2024-10-03,105886,Delhi
1826,Employee_1826,F,Finance,Executive,2021-05-03,48816,Bangalore
1827,Employee_1827,M,Operations,Lead,2023-10-20,115824,Delhi
1828,Employee_1828,F,Operations,Lead,2020-02-09,59432,Mumbai
1829,Employee_1829,M,IT,Analyst,2017-06-02,78617,Delhi
1830,Employee_1830,F,Marketing,Manager,2021-07-17,102373,Delhi
1831,Employee_1831,M,Finance,Analyst,2024-12-26,64217,Delhi
1832,Employee_1832,M,Sales,Senior Analyst,2024-09-01,50884,Pune
1833,Employee_1833,M,IT,Executive,2022-01-31,35454,Mumbai
1834,Employee_1834,F,Finance,Executive,2020-04-29,104960,Delhi
1835,Employee_1835,M,Finance,Executive,2021-10-19,73618,Delhi
1836,Employee_1836,F,IT,Analyst,2024-02-24,113948,Delhi
1837,Employee_1837,M,Operations,Analyst,2020-01-10,92671,Bangalore
1838,Employee_1838,M,Finance,Executive,2023-12-12,77111,Pune
1839,Employee_1839,F,Operations,Analyst,2019-06-14,69613,Bangalore
1840,Employee_1840,M,IT,Lead,2020-01-17,115678,Pune
1841,Employee_1841,M,Operations,Lead,2017-04-14,89993,Delhi
1842,Employee_1842,F,HR,Analyst,2022-03-30,38848,Mumbai
1843,Employee_1843,M,Sales,Executive,2019-10-04,108672,Chennai
1844,Employee_1844,M,Finance,Analyst,2018-02-11,96125,Chennai
1845,Employee_1845,M,Marketing,Analyst,2020-11-02,116444,Delhi
1846,Employee_1846,M,Sales,Analyst,2017-06-16,91602,Bangalore
1847,Employee_1847,F,Operations,Senior Analyst,2018-05-24,102045,Mumbai
1848,Employee_1848,F,Finance,Lead,2021-07-20,72222,Pune
1849,Employee_1849,M,Operations,Manager,2023-06-19,79223,Delhi
1850,Employee_1850,F,HR,Manager,2019-02-02,95333,Mumbai
1851,Employee_1851,M,IT,Senior Analyst,2018-11-12,82732,Mumbai
1852,Employee_1852,F,Finance,Analyst,2023-11-30,79420,Pune
1853,Employee_1853,M,HR,Senior Analyst,2022-10-22,105504,Mumbai
1854,Employee_1854,M,HR,Senior Analyst,2020-03-10,32462,Bangalore
1855,Employee_1855,M,Finance,Executive,2018-08-05,39460,Bangalore
1856,Employee_1856,M,Operations,Lead,2017-09-19,39275,Bangalore
1857,Employee_1857,M,Marketing,Manager,2020-09-25,43269,Mumbai
1858,Employee_1858,M,HR,Analyst,2020-08-24,95942,Bangalore
1859,Employee_1859,F,Sales,Manager,2023-04-12,102920,Pune
1860,Employee_1860,M,HR,Manager,2021-03-19,52553,Mumbai
1861,Employee_1861,F,Marketing,Lead,2018-07-15,54366,Chennai
1862,Employee_1862,M,Operations,Manager,2020-01-05,74036,Mumbai
1863,Employee_1863,F,Operations,Manager,2022-03-19,47369,Pune
1864,Employee_1864,F,Sales,Senior Analyst,2017-06-24,41795,Chennai
1865,Employee_1865,F,HR,Lead,2022-11-27,100021,Mumbai
1866,Employee_1866,M,Operations,Executive,2023-02-09,98154,Bangalore
1867,Employee_1867,M,Marketing,Analyst,2017-07-11,60143,Delhi
1868,Employee_1868,F,Finance,Manager,2017-03-06,59425,Delhi
1869,Employee_1869,M,IT,Analyst,2021-02-06,118209,Bangalore
1870,Employee_1870,F,IT,Executive,2021-04-17,105139,Delhi
1871,Employee_1871,M,IT,Analyst,2024-12-21,35368,Delhi
1872,Employee_1872,F,HR,Executive,2020-02-26,34621,Bangalore
1873,Employee_1873,F,Sales,Senior Analyst,2022-04-22,88829,Bangalore
1874,Employee_1874,M,Operations,Manager,2018-01-04,90294,Mumbai
1875,Employee_1875,F,Finance,Executive,2019-05-01,44719,Mumbai
1876,Employee_1876,M,Marketing,Analyst,2017-02-12,59227,Bangalore
1877,Employee_1877,F,Finance,Manager,2022-03-23,37566,Pune
1878,Employee_1878,F,Marketing,Senior Analyst,2023-12-11,42306,Delhi
1879,Employee_1879,M,HR,Manager,2017-03-19,83822,Mumbai
1880,Employee_1880,M,IT,Executive,2024-11-13,54042,Delhi
1881,Employee_1881,M,HR,Senior Analyst,2021-12-30,45086,Chennai
1882,Employee_1882,F,Sales,Analyst,2020-07-17,47387,Bangalore
1883,Employee_1883,M,Sales,Senior Analyst,2018-11-05,57042,Pune
1884,Employee_1884,F,Marketing,Senior Analyst,2018-12-02,119424,Chennai
1885,Employee_1885,F,Operations,Lead,2019-01-29,81618,Chennai
1886,Employee_1886,M,Operations,Senior Analyst,2022-04-08,48323,Chennai
1887,Employee_1887,M,Marketing,Senior Analyst,2024-08-07,48019,Bangalore
1888,Employee_1888,F,Sales,Manager,2019-06-21,105426,Mumbai
1889,Employee_1889,F,Sales,Analyst,2019-09-20,70863,Bangalore
1890,Employee_1890,M,Sales,Manager,2020-04-06,40283,Mumbai
1891,Employee_1891,M,HR,Manager,2023-07-15,48279,Chennai
1892,Employee_1892,M,Sales,Executive,2023-02-19,76999,Chennai
1893,Employee_1893,M,Finance,Manager,2021-01-16,92780,Pune
1894,Employee_1894,M,IT,Lead,2023-05-20,52908,Mumbai
1895,Employee_1895,F,Sales,Lead,2018-01-25,91584,Chennai
1896,Employee_1896,F,Marketing,Executive,2019-09-27,80225,Delhi
1897,Employee_1897,F,IT,Analyst,2018-06-09,67952,Pune
1898,Employee_1898,F,HR,Analyst,2022-01-30,67663,Bangalore
1899,Employee_1899,M,Marketing,Manager,2021-02-15,91381,Pune
1900,Employee_1900,M,IT,Manager,2018-10-21,77929,Delhi
1901,Employee_1901,M,Marketing,Manager,2024-07-26,39343,Mumbai
1902,Employee_1902,F,HR,Analyst,2019-06-10,106173,Bangalore
1903,Employee_1903,F,Finance,Senior Analyst,2021-01-21,69791,Bangalore
1904,Employee_1904,M,HR,Lead,2018-03-28,59134,Mumbai
1905,Employee_1905,M,HR,Senior Analyst,2023-10-12,77101,Pune
1906,Employee_1906,F,Marketing,Senior Analyst,2021-03-18,99443,Chennai
1907,Employee_1907,F,Operations,Analyst,2019-06-02,87530,Pune
1908,Employee_1908,M,Sales,Senior Analyst,2017-11-09,76799,Delhi
1909,Employee_1909,M,Sales,Executive,2019-04-20,34827,Chennai
1910,Employee_1910,F,Finance,Manager,2024-01-11,92653,Pune
1911,Employee_1911,M,Finance,Executive,2018-01-10,43699,Mumbai
1912,Employee_1912,M,Sales,Lead,2018-03-27,35313,Delhi
1913,Employee_1913,M,Operations,Manager,2018-08-18,43598,Delhi
1914,Employee_1914,F,Sales,Senior Analyst,2020-05-18,58807,Delhi
1915,Employee_1915,F,Operations,Lead,2018-05-15,100423,Chennai
1916,Employee_1916,F,Finance,Manager,2018-04-09,99390,Bangalore
1917,Employee_1917,F,IT,Senior Analyst,2017-04-23,75226,Chennai
1918,Employee_1918,F,Marketing,Executive,2019-11-02,89550,Pune
1919,Employee_1919,F,Finance,Manager,2023-07-07,110072,Bangalore
1920,Employee_1920,F,Finance,Senior Analyst,2022-04-09,33558,Pune
1921,Employee_1921,M,HR,Executive,2017-05-20,105308,Bangalore
1922,Employee_1922,M,HR,Lead,2020-11-25,80113,Chennai
1923,Employee_1923,M,HR,Lead,2018-06-01,82999,Delhi
1924,Employee_1924,M,Marketing,Lead,2024-03-01,85878,Mumbai
1925,Employee_1925,M,HR,Lead,2022-05-02,66343,Delhi
1926,Employee_1926,M,Operations,Analyst,2024-12-03,88219,Chennai
1927,Employee_1927,M,Sales,Manager,2022-12-06,65186,Bangalore
1928,Employee_1928,F,IT,Manager,2019-06-07,66966,Delhi
1929,Employee_1929,F,Finance,Analyst,2020-09-03,63769,Chennai
1930,Employee_1930,M,Operations,Senior Analyst,2017-02-19,83218,Pune
1931,Employee_1931,M,IT,Senior Analyst,2017-01-19,49229,Mumbai
1932,Employee_1932,F,Operations,Lead,2018-12-27,105209,Delhi
1933,Employee_1933,M,Operations,Executive,2023-02-23,57877,Bangalore
1934,Employee_1934,M,Finance,Senior Analyst,2021-01-13,88001,Pune
1935,Employee_1935,F,Sales,Executive,2024-02-20,68084,Chennai
1936,Employee_1936,M,HR,Manager,2018-03-28,111780,Mumbai
1937,Employee_1937,F,Marketing,Executive,2023-05-26,46806,Bangalore
1938,Employee_1938,M,Sales,Manager,2020-03-10,118635,Chennai
1939,Employee_1939,F,Marketing,Analyst,2020-01-13,67034,Chennai
1940,Employee_1940,F,Finance,Analyst,2023-09-05,70317,Delhi
1941,Employee_1941,F,Finance,Lead,2017-08-03,85468,Delhi
1942,Employee_1942,M,Finance,Senior Analyst,2021-03-30,49094,Bangalore
1943,Employee_1943,F,IT,Lead,2023-03-13,87796,Chennai
1944,Employee_1944,M,Marketing,Manager,2017-05-08,40589,Delhi
1945,Employee_1945,M,Sales,Lead,2022-01-20,87221,Mumbai
1946,Employee_1946,M,Sales,Executive,2019-01-30,31657,Mumbai
1947,Employee_1947,M,Operations,Manager,2023-09-18,69531,Chennai
1948,Employee_1948,F,Operations,Analyst,2021-12-21,82227,Delhi
1949,Employee_1949,F,Operations,Senior Analyst,2023-07-14,33164,Bangalore
1950,Employee_1950,M,Finance,Manager,2024-11-18,113973,Bangalore
1951,Employee_1951,M,Sales,Manager,2024-07-24,71247,Bangalore
1952,Employee_1952,F,Marketing,Executive,2017-12-27,49601,Mumbai
1953,Employee_1953,M,Finance,Senior Analyst,2018-07-23,80599,Delhi
1954,Employee_1954,F,IT,Analyst,2020-11-16,101545,Delhi
1955,Employee_1955,M,Operations,Manager,2023-03-16,34552,Mumbai
1956,Employee_1956,M,Finance,Manager,2021-05-17,39417,Bangalore
1957,Employee_1957,F,Finance,Executive,2021-08-20,88579,Bangalore
1958,Employee_1958,M,IT,Lead,2017-07-21,98207,Chennai
1959,Employee_1959,F,HR,Analyst,2022-08-27,102055,Pune
1960,Employee_1960,M,Sales,Senior Analyst,2023-06-28,108270,Delhi
1961,Employee_1961,M,Marketing,Manager,2018-06-02,33722,Delhi
1962,Employee_1962,M,HR,Manager,2020-09-10,100442,Delhi
1963,Employee_1963,F,Operations,Analyst,2020-12-06,70031,Pune
1964,Employee_1964,M,Finance,Lead,2020-09-03,109235,Chennai
1965,Employee_1965,M,IT,Manager,2018-11-12,51438,Pune
1966,Employee_1966,M,IT,Analyst,2022-06-12,88819,Bangalore
1967,Employee_1967,M,Sales,Executive,2021-01-31,73856,Bangalore
1968,Employee_1968,F,HR,Lead,2018-03-01,63576,Delhi
1969,Employee_1969,F,Sales,Senior Analyst,2022-05-23,71938,Mumbai
1970,Employee_1970,M,Finance,Manager,2021-09-09,79028,Delhi
1971,Employee_1971,F,Sales,Analyst,2023-09-01,89807,Mumbai
1972,Employee_1972,M,Marketing,Executive,2019-02-17,79877,Pune
1973,Employee_1973,M,IT,Senior Analyst,2022-11-16,73461,Bangalore
1974,Employee_1974,M,IT,Analyst,2022-01-01,70469,Mumbai
1975,Employee_1975,F,Operations,Analyst,2017-07-27,113136,Pune
1976,Employee_1976,F,Operations,Senior Analyst,2021-03-18,50435,Bangalore
1977,Employee_1977,F,Finance,Executive,2021-07-18,114117,Mumbai
1978,Employee_1978,F,Marketing,Executive,2024-03-18,44191,Delhi
1979,Employee_1979,F,HR,Lead,2023-01-23,114726,Delhi
1980,Employee_1980,F,Sales,Manager,2017-01-22,57386,Delhi
1981,Employee_1981,F,Finance,Senior Analyst,2017-06-03,61721,Pune
1982,Employee_1982,F,Operations,Senior Analyst,2022-05-17,84786,Delhi
1983,Employee_1983,F,Sales,Senior Analyst,2017-08-07,43704,Chennai
1984,Employee_1984,M,Operations,Executive,2018-10-31,86635,Bangalore
1985,Employee_1985,F,Sales,Manager,2021-02-27,32123,Pune
1986,Employee_1986,F,HR,Lead,2023-03-28,92993,Delhi
1987,Employee_1987,F,Finance,Analyst,2022-08-30,110122,Bangalore
1988,Employee_1988,F,Sales,Analyst,2024-02-14,55416,Mumbai
1989,Employee_1989,F,Marketing,Senior Analyst,2019-08-08,31814,Delhi
1990,Employee_1990,F,IT,Manager,2023-01-05,108537,Bangalore
1991,Employee_1991,F,Marketing,Executive,2018-02-07,80258,Chennai
1992,Employee_1992,F,Marketing,Manager,2018-08-19,46508,Mumbai
1993,Employee_1993,F,IT,Manager,2023-08-12,115166,Chennai
1994,Employee_1994,F,Marketing,Executive,2020-12-08,108916,Bangalore
1995,Employee_1995,F,Sales,Senior Analyst,2024-10-20,65699,Chennai
1996,Employee_1996,M,Sales,Manager,2020-03-03,76335,Bangalore
1997,Employee_1997,M,Sales,Analyst,2021-10-09,76806,Bangalore
1998,Employee_1998,F,IT,Executive,2020-07-30,107853,Chennai
1999,Employee_1999,F,Marketing,Lead,2017-03-14,93768,Bangalore
2000,Employee_2000,M,IT,Senior Analyst,2018-04-26,65739,Delhi
2001,Employee_2001,F,Sales,Executive,2018-07-14,64785,Bangalore
2002,Employee_2002,M,Marketing,Lead,2019-01-15,61980,Pune
2003,Employee_2003,M,Marketing,Lead,2021-01-06,119335,Bangalore
2004,Employee_2004,M,Operations,Manager,2017-04-10,115016,Pune
2005,Employee_2005,M,Operations,Manager,2019-12-19,31609,Bangalore
2006,Employee_2006,M,HR,Manager,2023-12-31,96253,Bangalore
2007,Employee_2007,F,Finance,Executive,2023-04-25,115481,Chennai
2008,Employee_2008,M,Operations,Executive,2018-02-17,58141,Delhi
2009,Employee_2009,F,IT,Senior Analyst,2019-12-25,60009,Delhi
2010,Employee_2010,F,Operations,Manager,2024-03-27,36782,Mumbai
2011,Employee_2011,M,HR,Lead,2020-03-23,55933,Chennai
2012,Employee_2012,M,Marketing,Analyst,2022-07-02,107154,Chennai
2013,Employee_2013,F,HR,Senior Analyst,2023-05-03,38307,Delhi
2014,Employee_2014,M,Marketing,Executive,2019-04-01,105874,Chennai
2015,Employee_2015,M,Marketing,Senior Analyst,2018-10-24,68346,Delhi
2016,Employee_2016,F,Finance,Senior Analyst,2018-07-14,80772,Chennai
2017,Employee_2017,F,Operations,Senior Analyst,2020-06-25,102084,Bangalore
2018,Employee_2018,M,IT,Senior Analyst,2021-12-19,70149,Delhi
2019,Employee_2019,F,IT,Analyst,2024-12-25,116700,Delhi
2020,Employee_2020,M,Sales,Manager,2018-09-02,57526,Pune
2021,Employee_2021,M,Marketing,Lead,2023-09-28,115712,Chennai
2022,Employee_2022,M,IT,Senior Analyst,2017-01-25,98477,Chennai
2023,Employee_2023,F,Finance,Senior Analyst,2022-07-22,35695,Delhi
2024,Employee_2024,F,Marketing,Senior Analyst,2017-10-11,69169,Bangalore
2025,Employee_2025,F,Finance,Manager,2021-01-12,77947,Bangalore
2026,Employee_2026,F,IT,Executive,2017-10-28,77224,Bangalore
2027,Employee_2027,F,IT,Executive,2019-12-28,75865,Chennai
2028,Employee_2028,M,Sales,Analyst,2019-10-28,55553,Pune
2029,Employee_2029,M,IT,Executive,2019-03-28,90410,Delhi
2030,Employee_2030,M,Marketing,Senior Analyst,2017-03-24,54816,Mumbai
2031,Employee_2031,M,Marketing,Senior Analyst,2022-04-05,85026,Pune
2032,Employee_2032,F,Marketing,Senior Analyst,2022-09-25,80705,Mumbai
2033,Employee_2033,M,Sales,Analyst,2018-09-10,91922,Pune
2034,Employee_2034,F,Sales,Senior Analyst,2023-04-29,103914,Bangalore
2035,Employee_2035,M,IT,Executive,2017-06-25,31881,Chennai
2036,Employee_2036,F,HR,Manager,2020-04-04,69567,Mumbai
2037,Employee_2037,F,HR,Manager,2024-05-28,77365,Pune
2038,Employee_2038,M,Sales,Lead,2019-04-22,109211,Chennai
2039,Employee_2039,M,IT,Executive,2018-01-05,100122,Mumbai
2040,Employee_2040,M,HR,Senior Analyst,2021-12-24,55006,Delhi
2041,Employee_2041,M,IT,Manager,2022-10-03,71198,Pune
2042,Employee_2042,F,IT,Executive,2018-11-21,52831,Delhi
2043,Employee_2043,M,IT,Manager,2021-11-15,46459,Bangalore
2044,Employee_2044,M,Operations,Senior Analyst,2020-09-26,62443,Delhi
2045,Employee_2045,F,Marketing,Manager,2020-12-03,72316,Delhi
2046,Employee_2046,M,IT,Lead,2018-01-02,94486,Pune
2047,Employee_2047,M,Operations,Lead,2018-10-06,35877,Bangalore
2048,Employee_2048,M,Sales,Manager,2023-08-24,69553,Delhi
2049,Employee_2049,M,HR,Executive,2017-03-14,34922,Chennai
2050,Employee_2050,M,Marketing,Executive,2020-06-25,34686,Mumbai
2051,Employee_2051,F,HR,Executive,2019-05-10,62766,Delhi
2052,Employee_2052,M,Marketing,Manager,2017-02-12,109943,Bangalore
2053,Employee_2053,M,HR,Executive,2023-08-22,62006,Delhi
2054,Employee_2054,M,Marketing,Senior Analyst,2019-12-01,61422,Mumbai
2055,Employee_2055,M,HR,Lead,2023-01-27,42205,Bangalore
2056,Employee_2056,M,HR,Senior Analyst,2023-03-10,116590,Pune
2057,Employee_2057,F,HR,Executive,2021-02-25,53527,Bangalore
2058,Employee_2058,M,HR,Senior Analyst,2022-09-18,48443,Pune
2059,Employee_2059,F,Sales,Executive,2018-01-04,46524,Bangalore
2060,Employee_2060,F,IT,Manager,2024-09-05,58202,Mumbai
2061,Employee_2061,M,Finance,Senior Analyst,2017-05-31,95552,Mumbai
2062,Employee_2062,M,Operations,Manager,2020-02-09,76142,Bangalore
2063,Employee_2063,M,Finance,Manager,2021-02-12,91692,Delhi
2064,Employee_2064,M,Finance,Analyst,2020-12-30,112384,Mumbai
2065,Employee_2065,F,Marketing,Executive,2019-12-07,50855,Pune
2066,Employee_2066,M,IT,Lead,2019-10-21,113747,Pune
2067,Employee_2067,M,Marketing,Executive,2021-05-18,90372,Chennai
2068,Employee_2068,M,IT,Lead,2024-08-16,55095,Pune
2069,Employee_2069,M,IT,Executive,2022-08-03,68724,Chennai
2070,Employee_2070,M,HR,Manager,2020-10-21,79241,Bangalore
2071,Employee_2071,M,Sales,Senior Analyst,2017-03-10,82003,Bangalore
2072,Employee_2072,F,HR,Senior Analyst,2023-06-05,98379,Bangalore
2073,Employee_2073,F,Sales,Analyst,2019-08-02,45972,Delhi
2074,Employee_2074,M,Marketing,Lead,2019-03-13,52927,Delhi
2075,Employee_2075,M,Sales,Lead,2023-06-02,96630,Chennai
2076,Employee_2076,M,Marketing,Lead,2023-03-01,82347,Pune
2077,Employee_2077,F,Finance,Manager,2017-03-02,118860,Pune
2078,Employee_2078,M,Finance,Lead,2019-08-04,116210,Bangalore
2079,Employee_2079,F,Sales,Senior Analyst,2020-08-30,99518,Mumbai
2080,Employee_2080,M,Sales,Manager,2020-03-30,75283,Delhi
2081,Employee_2081,M,Marketing,Executive,2017-11-27,111326,Delhi
2082,Employee_2082,M,HR,Lead,2021-04-01,42205,Bangalore
2083,Employee_2083,M,Marketing,Lead,2017-12-04,119874,Delhi
2084,Employee_2084,F,HR,Executive,2021-06-18,42748,Bangalore
2085,Employee_2085,F,Finance,Lead,2020-08-20,51097,Chennai
2086,Employee_2086,M,IT,Executive,2021-03-07,33092,Pune
2087,Employee_2087,M,Sales,Manager,2021-08-01,83311,Mumbai
2088,Employee_2088,F,HR,Senior Analyst,2020-09-23,52692,Pune
2089,Employee_2089,F,Marketing,Executive,2021-04-23,53862,Pune
2090,Employee_2090,F,Finance,Analyst,2024-05-10,109507,Chennai
2091,Employee_2091,F,HR,Executive,2017-10-02,110152,Delhi
2092,Employee_2092,M,Marketing,Lead,2020-04-02,100469,Mumbai
2093,Employee_2093,F,Sales,Manager,2023-06-25,34926,Delhi
2094,Employee_2094,M,Sales,Manager,2024-03-21,33969,Pune
2095,Employee_2095,F,Operations,Executive,2023-12-27,65733,Bangalore
2096,Employee_2096,F,IT,Senior Analyst,2023-09-01,99855,Pune
2097,Employee_2097,F,Operations,Analyst,2022-06-17,71743,Delhi
2098,Employee_2098,F,Finance,Manager,2019-05-20,69876,Pune
2099,Employee_2099,F,HR,Lead,2024-11-20,50323,Bangalore
2100,Employee_2100,M,Finance,Lead,2019-10-12,46428,Chennai
2101,Employee_2101,M,Marketing,Senior Analyst,2022-03-27,64578,Delhi
2102,Employee_2102,F,Sales,Manager,2018-08-26,116486,Pune
2103,Employee_2103,F,Operations,Executive,2021-12-05,94140,Delhi
2104,Employee_2104,M,Operations,Lead,2018-11-22,113829,Chennai
2105,Employee_2105,F,Operations,Senior Analyst,2018-05-09,36364,Pune
2106,Employee_2106,F,Finance,Manager,2018-05-05,65349,Pune
2107,Employee_2107,M,Sales,Manager,2024-07-31,30691,Delhi
2108,Employee_2108,F,HR,Manager,2024-01-01,96467,Delhi
2109,Employee_2109,F,Marketing,Manager,2018-01-25,75896,Bangalore
2110,Employee_2110,M,HR,Manager,2017-10-22,87062,Chennai
2111,Employee_2111,M,Finance,Lead,2020-10-24,109762,Bangalore
2112,Employee_2112,M,Marketing,Senior Analyst,2024-10-14,43861,Pune
2113,Employee_2113,F,Operations,Manager,2024-12-22,118302,Delhi
2114,Employee_2114,M,IT,Analyst,2021-09-14,93928,Pune
2115,Employee_2115,M,Finance,Analyst,2024-02-10,113231,Pune
2116,Employee_2116,M,Finance,Senior Analyst,2018-10-11,71347,Mumbai
2117,Employee_2117,M,Sales,Executive,2022-02-17,33121,Mumbai
2118,Employee_2118,M,HR,Executive,2018-07-22,113793,Pune
2119,Employee_2119,M,Finance,Executive,2024-12-10,58164,Delhi
2120,Employee_2120,F,Finance,Analyst,2024-09-18,55491,Pune
2121,Employee_2121,F,Operations,Executive,2018-03-21,89222,Mumbai
2122,Employee_2122,M,Operations,Lead,2017-12-29,53165,Delhi
2123,Employee_2123,M,Marketing,Manager,2022-12-11,33748,Pune
2124,Employee_2124,M,IT,Analyst,2020-04-26,56553,Chennai
2125,Employee_2125,F,Sales,Senior Analyst,2019-01-12,90380,Chennai
2126,Employee_2126,F,IT,Senior Analyst,2022-08-04,74331,Pune
2127,Employee_2127,F,Marketing,Manager,2018-11-11,69560,Delhi
2128,Employee_2128,F,Operations,Analyst,2023-10-04,83865,Pune
2129,Employee_2129,F,HR,Executive,2021-07-01,76686,Pune
2130,Employee_2130,F,Operations,Executive,2021-04-22,105910,Mumbai
2131,Employee_2131,F,Sales,Lead,2020-09-20,34675,Chennai
2132,Employee_2132,F,Operations,Lead,2022-11-10,96706,Mumbai
2133,Employee_2133,F,Sales,Executive,2017-03-04,107986,Mumbai
2134,Employee_2134,M,Sales,Senior Analyst,2024-01-04,106216,Pune
2135,Employee_2135,M,Sales,Senior Analyst,2020-03-08,40068,Mumbai
2136,Employee_2136,M,Marketing,Lead,2020-05-13,84460,Chennai
2137,Employee_2137,M,Sales,Manager,2024-09-20,76418,Mumbai
2138,Employee_2138,F,Sales,Executive,2017-09-13,56206,Chennai
2139,Employee_2139,F,HR,Lead,2017-05-15,30287,Mumbai
2140,Employee_2140,M,IT,Lead,2019-05-25,52337,Chennai
2141,Employee_2141,F,Finance,Executive,2019-04-02,50666,Mumbai
2142,Employee_2142,M,IT,Executive,2022-11-06,31161,Mumbai
2143,Employee_2143,F,Sales,Senior Analyst,2019-04-03,68751,Delhi
2144,Employee_2144,M,HR,Manager,2019-09-01,112063,Chennai
2145,Employee_2145,F,Operations,Manager,2021-11-13,119389,Chennai
2146,Employee_2146,F,HR,Executive,2017-05-01,44758,Chennai
2147,Employee_2147,M,Sales,Analyst,2021-06-26,95780,Bangalore
2148,Employee_2148,F,HR,Lead,2020-09-26,33178,Mumbai
2149,Employee_2149,M,HR,Lead,2019-10-05,61831,Chennai
2150,Employee_2150,M,Sales,Executive,2019-07-14,32176,Bangalore
2151,Employee_2151,M,Marketing,Analyst,2018-10-07,63654,Delhi
2152,Employee_2152,M,HR,Senior Analyst,2022-07-26,56627,Chennai
2153,Employee_2153,F,Finance,Executive,2024-07-24,82550,Chennai
2154,Employee_2154,F,Finance,Executive,2024-12-17,74910,Bangalore
2155,Employee_2155,F,HR,Lead,2022-08-31,88251,Mumbai
2156,Employee_2156,M,Marketing,Executive,2017-08-30,65422,Delhi
2157,Employee_2157,F,Operations,Executive,2023-11-08,41984,Chennai
2158,Employee_2158,M,Sales,Executive,2024-04-22,119312,Mumbai
2159,Employee_2159,F,Finance,Lead,2023-06-09,91386,Delhi
2160,Employee_2160,F,Operations,Senior Analyst,2021-06-08,113291,Pune
2161,Employee_2161,F,HR,Senior Analyst,2019-03-14,37135,Pune
2162,Employee_2162,M,Operations,Executive,2019-08-22,30320,Delhi
2163,Employee_2163,F,IT,Lead,2017-03-10,51684,Bangalore
2164,Employee_2164,F,Finance,Senior Analyst,2020-02-27,85913,Delhi
2165,Employee_2165,M,HR,Senior Analyst,2017-07-15,118774,Delhi
2166,Employee_2166,F,Sales,Senior Analyst,2022-12-28,51889,Bangalore
2167,Employee_2167,M,Marketing,Lead,2023-05-20,78899,Bangalore
2168,Employee_2168,F,HR,Lead,2023-06-18,40770,Mumbai
2169,Employee_2169,M,Sales,Executive,2019-01-16,69321,Mumbai
2170,Employee_2170,M,Marketing,Manager,2021-08-16,115962,Bangalore
2171,Employee_2171,F,Marketing,Senior Analyst,2017-10-04,71777,Pune
2172,Employee_2172,M,HR,Manager,2017-03-02,76250,Pune
2173,Employee_2173,M,Operations,Lead,2022-03-29,103034,Delhi
2174,Employee_2174,M,Operations,Lead,2022-10-01,70130,Chennai
2175,Employee_2175,M,Marketing,Lead,2023-01-10,111931,Delhi
2176,Employee_2176,M,Operations,Manager,2021-11-08,79346,Delhi
2177,Employee_2177,M,IT,Lead,2020-08-27,32537,Chennai
2178,Employee_2178,F,Marketing,Executive,2022-01-12,114762,Bangalore
2179,Employee_2179,M,Marketing,Lead,2024-02-05,45216,Pune
2180,Employee_2180,M,Sales,Analyst,2018-07-21,114149,Delhi
2181,Employee_2181,F,Operations,Manager,2021-04-21,33009,Chennai
2182,Employee_2182,F,Marketing,Analyst,2018-09-14,119904,Mumbai
2183,Employee_2183,F,IT,Lead,2022-07-19,59327,Delhi
2184,Employee_2184,F,Sales,Executive,2020-04-15,44209,Pune
2185,Employee_2185,F,HR,Senior Analyst,2017-11-10,78443,Bangalore
2186,Employee_2186,F,Marketing,Lead,2024-10-25,45029,Delhi
2187,Employee_2187,F,IT,Executive,2024-12-05,97613,Delhi
2188,Employee_2188,M,Finance,Manager,2022-11-15,109443,Chennai
2189,Employee_2189,M,IT,Analyst,2020-05-21,86997,Mumbai
2190,Employee_2190,F,IT,Analyst,2024-11-16,92559,Mumbai
2191,Employee_2191,M,Sales,Analyst,2017-05-17,94892,Bangalore
2192,Employee_2192,M,HR,Manager,2019-10-27,100409,Pune
2193,Employee_2193,M,Finance,Executive,2022-11-27,38635,Bangalore
2194,Employee_2194,F,Operations,Manager,2024-02-08,63065,Delhi
2195,Employee_2195,F,Operations,Analyst,2018-10-24,63783,Delhi
2196,Employee_2196,M,IT,Lead,2023-10-09,64152,Mumbai
2197,Employee_2197,F,Sales,Senior Analyst,2024-05-01,88741,Pune
2198,Employee_2198,M,Sales,Manager,2023-04-28,81502,Chennai
2199,Employee_2199,M,Operations,Manager,2017-03-28,59092,Pune
2200,Employee_2200,M,Finance,Executive,2023-11-18,47653,Delhi
